{"stats":{"minecraft:killed":{"minecraft:sheep":2,"minecraft:pillager":3,"minecraft:zombie":1},"minecraft:killed_by":{"mokels_adventure:salamander":1,"minecraft:player":4,"minecraft:skeleton":1,"minecraft:spider":1,"minecraft:zombie":1,"minecraft:pillager":2,"minecraft:ravager":1},"minecraft:picked_up":{"minecraft:wooden_axe":1,"minecraft:birch_log":2,"minecraft:birch_planks":2,"hogcraft:hogwarts_letter":1,"minecraft:string":1,"minecraft:wooden_sword":4,"minecraft:red_carpet":7,"minecraft:wheat_seeds":2,"rpgsmw:woodenfiber":1,"minecraft:lectern":1,"minecraft:birch_sapling":1,"minecraft:dark_oak_stairs":2,"minecraft:stick":8,"minecraft:dark_oak_slab":1,"minecraft:dandelion":1,"magistuarmory:rusted_heavymace":2,"minecraft:spruce_log":2,"minecraft:dark_oak_log":5,"minecraft:barrel":1,"minecraft:dark_oak_planks":1,"minecraft:arrow":1,"minecraft:rotten_flesh":3,"minecraft:oak_sapling":2,"minecraft:mutton":7,"minecraft:black_wool":2,"minecraft:stripped_dark_oak_log":4,"minecraft:white_wool":5},"minecraft:dropped":{"minecraft:rotten_flesh":1,"minecraft:wooden_axe":1,"minecraft:oak_sapling":2,"minecraft:wooden_sword":2},"minecraft:custom":{"minecraft:mob_kills":6,"minecraft:interact_with_crafting_table":1,"minecraft:open_barrel":7,"minecraft:interact_with_grindstone":1,"minecraft:leave_game":1,"minecraft:time_since_death":6469,"minecraft:climb_one_cm":556,"minecraft:time_since_rest":6513,"minecraft:sprint_one_cm":114001,"minecraft:damage_taken":3461,"minecraft:walk_one_cm":104262,"minecraft:drop":6,"minecraft:damage_dealt":1812,"minecraft:swim_one_cm":446,"minecraft:fly_one_cm":67543,"minecraft:player_kills":3,"minecraft:open_chest":2,"minecraft:crouch_one_cm":1469,"minecraft:play_time":31700,"minecraft:deaths":12,"minecraft:sneak_time":661,"minecraft:walk_under_water_one_cm":563,"minecraft:jump":441,"minecraft:walk_on_water_one_cm":1431,"minecraft:total_world_time":31700,"minecraft:fall_one_cm":24904},"minecraft:mined":{"minecraft:red_carpet":7,"minecraft:dark_oak_leaves":1,"minecraft:stripped_dark_oak_log":5,"minecraft:dark_oak_log":2,"minecraft:lectern":1,"minecraft:tall_grass":2,"minecraft:spruce_leaves":4,"minecraft:large_fern":4,"minecraft:dark_oak_slab":1,"minecraft:birch_log":2,"minecraft:barrel":1,"minecraft:spruce_log":2,"minecraft:birch_leaves":1,"minecraft:dark_oak_stairs":2,"minecraft:lime_stained_glass_pane":2,"minecraft:grass":12,"irons_spellbooks:inscription_table":1,"minecraft:oak_leaves":11,"minecraft:fern":1},"minecraft:used":{"minecraft:dark_oak_stairs":2,"magistuarmory:rusted_heavymace":8,"minecraft:birch_planks":2,"minecraft:rotten_flesh":1,"minecraft:mutton":4,"minecraft:crafting_table":1,"minecraft:dark_oak_planks":9,"minecraft:black_wool":1,"minecraft:dark_oak_log":1,"minecraft:leather_helmet":1,"minecraft:dark_oak_slab":1,"minecraft:red_carpet":1,"minecraft:wooden_sword":24,"minecraft:hay_block":1},"minecraft:crafted":{"minecraft:wooden_sword":1,"minecraft:crafting_table":1,"minecraft:spruce_planks":8,"minecraft:birch_planks":4,"minecraft:stick":4,"minecraft:dark_oak_planks":12}},"DataVersion":3465}