{"stats":{"minecraft:killed":{"minecraft:zombie":1},"minecraft:killed_by":{"minecraft:vindicator":1,"minecraft:player":2,"minecraft:vex":1},"minecraft:picked_up":{"minecraft:charcoal":3,"minecraft:stick":35,"minecraft:crafting_table":1,"minecraft:torch":13,"minecraft:stone_brick_stairs":1,"minecraft:cobblestone_wall":4,"minecraft:cobblestone_stairs":1,"hogcraft:hogwarts_letter":3,"minecraft:mossy_cobblestone":6,"minecraft:dark_oak_planks":7,"minecraft:iron_axe":1,"minecraft:name_tag":1,"rpgsmw:class_choose_orb":1,"irons_spellbooks:common_ink":2,"minecraft:oak_wood":1,"minecraft:rotten_flesh":3,"minecraft:apple":1,"minecraft:stone_bricks":12,"minecraft:cracked_stone_bricks":2,"minecraft:beetroot_seeds":2,"irons_spellbooks:arcane_essence":5,"minecraft:red_sand":1,"minecraft:iron_ingot":1,"weaponmaster:tutorialbook":2,"minecraft:iron_pickaxe":2,"minecraft:sugar_cane":4,"minecraft:powered_rail":2,"minecraft:melon_seeds":3,"minecraft:stripped_dark_oak_log":3,"minecraft:coal":13,"minecraft:rail":16,"minecraft:cobblestone":13},"minecraft:custom":{"minecraft:time_since_rest":2212,"minecraft:sprint_one_cm":129564,"minecraft:damage_taken":2153,"minecraft:walk_one_cm":113375,"minecraft:mob_kills":1,"minecraft:damage_dealt":404,"minecraft:swim_one_cm":25266,"minecraft:interact_with_crafting_table":2,"minecraft:fly_one_cm":58819,"minecraft:open_barrel":1,"minecraft:crouch_one_cm":558,"minecraft:play_time":26548,"minecraft:deaths":6,"minecraft:sneak_time":254,"minecraft:walk_under_water_one_cm":4518,"minecraft:boat_one_cm":36953,"minecraft:jump":434,"minecraft:leave_game":1,"minecraft:time_since_death":2141,"minecraft:walk_on_water_one_cm":5388,"minecraft:total_world_time":26548,"minecraft:climb_one_cm":549,"minecraft:fall_one_cm":22845},"minecraft:mined":{"minecraft:dark_oak_planks":4,"minecraft:orange_terracotta":1,"minecraft:red_sand":1,"minecraft:oak_wood":1,"minecraft:dead_bush":15,"minecraft:terracotta":1,"minecraft:stone_bricks":3,"minecraft:stone":1},"minecraft:used":{"minecraft:red_sand":1,"minecraft:iron_pickaxe":7,"hogcraft:hogwarts_letter":1,"minecraft:stone_bricks":1,"minecraft:oak_wood":1,"artifacts:onion_ring":1}},"DataVersion":3465}