{"stats":{"minecraft:killed_by":{"minecraft:husk":3,"minecraft:player":4,"iceandfire:stymphalian_bird":1,"minecraft:vindicator":4,"iceandfire:gorgon":1,"undead_revamp2:therod":1,"mutantmonsters:mutant_skeleton":5,"minecraft:skeleton":4,"minecraft:zombie":2,"enemyexpansion:direwolf":1,"iceandfire:ghost":7,"undead_revamp2:theheavy":2,"undead_revamp2:thebeartamer":1,"minecraft:vex":1,"luminousworld:savannah_skeleton":1},"minecraft:crafted":{"minecraft:oak_planks":4,"minecraft:furnace":1,"minecraft:cooked_porkchop":3,"minecraft:crafting_table":1,"minecraft:wooden_pickaxe":1,"minecraft:mangrove_planks":12,"minecraft:birch_planks":8,"minecraft:stone_axe":1,"minecraft:air":0,"minecraft:stick":8,"minecraft:wooden_axe":1,"minecraft:torch":4},"minecraft:custom":{"minecraft:mob_kills":22,"minecraft:interact_with_crafting_table":8,"minecraft:open_barrel":10,"minecraft:leave_game":8,"minecraft:time_since_death":7921,"minecraft:climb_one_cm":2456,"minecraft:sprint_one_cm":356271,"minecraft:walk_one_cm":292961,"minecraft:drop":31,"minecraft:play_time":115424,"minecraft:deaths":42,"minecraft:sneak_time":3038,"minecraft:walk_under_water_one_cm":17160,"tombstone:tomb_raiding":1,"minecraft:jump":2484,"minecraft:interact_with_blast_furnace":7,"minecraft:walk_on_water_one_cm":35419,"minecraft:total_world_time":115424,"minecraft:interact_with_furnace":3,"tombstone:raider_killed":2,"minecraft:time_since_rest":5522,"minecraft:damage_taken":2147483647,"minecraft:trigger_trapped_chest":4,"minecraft:damage_dealt":7557,"minecraft:player_kills":1,"minecraft:swim_one_cm":58137,"minecraft:fly_one_cm":411036,"minecraft:open_chest":9,"minecraft:crouch_one_cm":9853,"tombstone:undead_killed":9,"minecraft:fall_one_cm":78039,"minecraft:horse_one_cm":167},"minecraft:picked_up":{"minecraft:wooden_axe":1,"luminousworld:groundpebbles_1":1,"minecraft:crafting_table":4,"minecraft:coarse_dirt":1,"minecraft:chicken":2,"minecraft:brown_mushroom":1,"vanillaplustools:wooden_hammer":1,"minecraft:wooden_pickaxe":3,"alexscaves:cave_tablet":1,"minecraft:potion":13,"minecraft:iron_axe":1,"born_in_chaos_v1:intoxicating_decoction":1,"minecraft:beetroot":1,"minecraft:cartography_table":1,"minecraft:spruce_planks":2,"minecraft:rose_bush":1,"minecraft:iron_pickaxe":1,"minecraft:lectern":1,"minecraft:sugar_cane":24,"minecraft:birch_sapling":5,"minecraft:furnace":1,"luminousworld:spuds":1,"minecraft:stick":2,"minecraft:raw_iron":19,"minecraft:stripped_mangrove_wood":3,"minecraft:copper_ingot":3,"minecraft:torch":11,"minecraft:spruce_stairs":13,"minecraft:porkchop":6,"tombstone:bone_needle":1,"born_in_chaos_v1:pieceofdarkmetal":12,"minecraft:arrow":6,"minecraft:rotten_flesh":10,"minecraft:pumpkin_pie":11,"minecraft:mutton":6,"minecraft:iron_bars":1,"minecraft:white_wool":8,"minecraft:cobblestone":27,"minecraft:birch_log":2,"born_in_chaos_v1:corpse_maggot":1,"minecraft:feather":5,"minecraft:tripwire_hook":3,"minecraft:salmon":1,"minecraft:andesite":4,"minecraft:oak_log":1,"iceandfire:ectoplasm":2,"minecraft:dirt":19,"minecraft:white_banner":1,"tombstone:gift":3,"minecraft:bone":5,"minecraft:stone_bricks":7,"minecraft:wheat_seeds":1,"stalwart_dungeons:iron_hammer":1,"minecraft:stone_pickaxe":5,"minecraft:dark_oak_sign":3,"minecraft:cyan_candle":3,"luminousworld:white_petunias":4,"minecraft:book":84,"iceandfire:copper_nugget":3,"minecraft:dark_oak_slab":4,"luminousworld:clovers_1":1,"born_in_chaos_v1:ethereal_spirit":1,"born_in_chaos_v1:dark_rod":1,"iceandfire:stymphalian_bird_feather":8,"minecraft:blast_furnace":2,"minecraft:spruce_log":5,"minecraft:cyan_bed":3,"minecraft:barrel":6,"alexsmobs:animal_dictionary":1,"minecraft:stone_axe":2,"luminousworld:blueberry":8,"minecraft:emerald":2,"minecraft:bread":6,"iceandfire:gorgon_head":3,"minecraft:coal":16,"iceandfire:raw_silver":9},"minecraft:dropped":{"minecraft:bread":2,"luminousworld:white_petunias":1,"stalwart_dungeons:iron_hammer":1,"iceandfire:gorgon_head":1,"minecraft:emerald":1,"vanillaplustools:wooden_hammer":1,"minecraft:rose_bush":1,"tombstone:bone_needle":1,"minecraft:pumpkin_pie":11,"minecraft:iron_pickaxe":1,"iceandfire:stymphalian_bird_feather":8,"minecraft:dark_oak_sign":3,"minecraft:birch_sapling":3,"born_in_chaos_v1:ethereal_spirit":1,"minecraft:rotten_flesh":10,"minecraft:skeleton_skull":1,"minecraft:barrel":2,"minecraft:stone_bricks":7,"minecraft:bamboo":6,"minecraft:iron_bars":1,"minecraft:arrow":1,"minecraft:wooden_pickaxe":1,"minecraft:stone_pickaxe":1,"minecraft:cyan_bed":2},"minecraft:used":{"minecraft:beetroot":13,"luminousworld:spuds":1,"minecraft:spruce_planks":1,"minecraft:rotten_flesh":1,"minecraft:stick":2,"minecraft:torch":12,"minecraft:dirt":19,"minecraft:spruce_stairs":4,"minecraft:wooden_axe":26,"born_in_chaos_v1:corpse_maggot":1,"minecraft:iron_axe":97,"minecraft:furnace":2,"tombstone:gift":3,"minecraft:birch_planks":3,"minecraft:stone_pickaxe":74,"minecraft:cyan_candle":3,"minecraft:mangrove_planks":3,"minecraft:wooden_pickaxe":15,"minecraft:salmon":1,"minecraft:crafting_table":4,"minecraft:blast_furnace":1,"minecraft:bread":4,"minecraft:stone_axe":68,"minecraft:cooked_porkchop":3,"minecraft:andesite":1,"alexsmobs:animal_dictionary":2,"minecraft:pumpkin_pie":4,"minecraft:coarse_dirt":1},"minecraft:killed":{"minecraft:vindicator":1,"illagerinvasion:marauder":1,"undead_revamp2:bomber":1,"enemyexpansion:direwolf":1,"iceandfire:stymphalian_bird":1,"minecraft:skeleton":1,"minecraft:chicken":2,"born_in_chaos_v1:skeleton_thrasher":1,"undead_revamp2:therod":1,"minecraft:husk":1,"minecraft:pig":1,"minecraft:salmon":1,"undead_revamp2:the_moonflower":1,"undead_revamp2:thebeartamer":1,"minecraft:sheep":2,"enemyexpansion:meature":1,"iceandfire:ghost":1,"born_in_chaos_v1:dark_vortex":1,"mowziesmobs:umvuthana_raptor":1},"minecraft:broken":{"minecraft:stone_pickaxe":1},"minecraft:mined":{"minecraft:spruce_planks":1,"iceandfire:silver_ore":3,"minecraft:mossy_cobblestone":3,"luminousworld:grassvariant_4":1,"luminousworld:blue_petunias":1,"luminousworld:mossbuds_1":1,"luminousworld:mossbuds_2":1,"minecraft:grass_block":23,"minecraft:spruce_fence":1,"luminousworld:grassvariant_2":8,"minecraft:mangrove_trapdoor":1,"minecraft:spruce_leaves":31,"minecraft:kelp":1,"minecraft:cartography_table":1,"minecraft:spawner":3,"minecraft:large_fern":5,"minecraft:black_stained_glass_pane":2,"minecraft:furnace":1,"minecraft:iron_ore":15,"minecraft:barrel":1,"minecraft:dark_oak_fence_gate":1,"minecraft:andesite":1,"minecraft:bookshelf":19,"supplementaries:stick":2,"minecraft:vine":4,"minecraft:iron_bars":1,"luminousworld:groundpebbles_2":2,"minecraft:stripped_mangrove_wood":3,"minecraft:stone":27,"luminousworld:decorative_brown_2":1,"minecraft:spruce_slab":1,"minecraft:glass_pane":2,"minecraft:kelp_plant":1,"luminousworld:birchtreemushrooms":1,"luminousworld:blueberrybush":1,"placeablesmod:beetroot_block_1":1,"minecraft:stone_brick_slab":4,"minecraft:crafting_table":4,"minecraft:torch":7,"minecraft:blast_furnace":2,"luminousworld:spuds":1,"minecraft:rose_bush":1,"minecraft:lectern":1,"minecraft:tall_grass":4,"minecraft:cobblestone":1,"minecraft:cyan_bed":2,"minecraft:wall_torch":2,"minecraft:spruce_stairs":4,"minecraft:coarse_dirt":1,"minecraft:dark_oak_slab":1,"naturalist:duckweed":1,"minecraft:birch_log":2,"minecraft:lilac":2,"minecraft:spruce_log":6,"minecraft:birch_leaves":14,"minecraft:white_wall_banner":1,"minecraft:grass":28,"minecraft:oak_log":1,"minecraft:coal_ore":1,"minecraft:dirt":10,"luminousworld:grassvariant_3":2,"minecraft:tripwire_hook":1,"minecraft:stone_bricks":2,"minecraft:oak_leaves":27,"minecraft:cyan_candle":1,"luminousworld:white_petunias":1}},"DataVersion":3465}