{"stats":{"minecraft:custom":{"minecraft:jump":57,"minecraft:time_since_rest":1,"minecraft:deaths":1,"minecraft:damage_dealt":7,"minecraft:interact_with_blast_furnace":1,"minecraft:sprint_one_cm":9664,"minecraft:leave_game":2,"minecraft:play_time":3778,"minecraft:damage_taken":490,"minecraft:time_since_death":180,"minecraft:walk_one_cm":13294,"minecraft:total_world_time":3778,"minecraft:fall_one_cm":656,"minecraft:fly_one_cm":4172},"minecraft:killed_by":{"minecraft:husk":1},"minecraft:mined":{"minecraft:birch_leaves":1}},"DataVersion":3465}