{"stats":{"minecraft:crafted":{"minecraft:oak_planks":4,"minecraft:cooked_porkchop":3,"minecraft:crafting_table":1,"minecraft:wooden_pickaxe":1,"minecraft:furnace":1,"minecraft:mangrove_planks":12,"minecraft:birch_planks":8,"minecraft:stone_axe":1,"minecraft:air":0,"minecraft:stick":8,"minecraft:wooden_axe":1,"minecraft:torch":4},"minecraft:used":{"minecraft:beetroot":13,"minecraft:birch_planks":3,"minecraft:stone_pickaxe":16,"minecraft:cyan_candle":3,"minecraft:mangrove_planks":3,"minecraft:spruce_planks":1,"minecraft:wooden_pickaxe":15,"minecraft:torch":4,"minecraft:dirt":7,"minecraft:crafting_table":4,"minecraft:spruce_stairs":1,"minecraft:wooden_axe":26,"minecraft:iron_axe":2,"minecraft:bread":3,"minecraft:stone_axe":68,"minecraft:furnace":2,"minecraft:cooked_porkchop":3,"tombstone:gift":2,"alexsmobs:animal_dictionary":2,"minecraft:coarse_dirt":1},"minecraft:dropped":{"iceandfire:stymphalian_bird_feather":8,"minecraft:birch_sapling":2,"stalwart_dungeons:iron_hammer":1,"iceandfire:gorgon_head":1,"vanillaplustools:wooden_hammer":1,"minecraft:skeleton_skull":1,"tombstone:bone_needle":1,"minecraft:iron_pickaxe":1},"minecraft:killed":{"minecraft:pig":1,"undead_revamp2:the_moonflower":1,"undead_revamp2:bomber":1,"undead_revamp2:thebeartamer":1,"enemyexpansion:direwolf":1,"iceandfire:stymphalian_bird":1,"minecraft:sheep":2,"iceandfire:ghost":1,"minecraft:chicken":2,"born_in_chaos_v1:skeleton_thrasher":1,"undead_revamp2:therod":1,"mowziesmobs:umvuthana_raptor":1},"minecraft:custom":{"minecraft:interact_with_furnace":3,"minecraft:mob_kills":15,"minecraft:interact_with_crafting_table":8,"minecraft:open_barrel":9,"minecraft:leave_game":2,"minecraft:time_since_death":1853,"minecraft:climb_one_cm":474,"minecraft:time_since_rest":1583,"minecraft:sprint_one_cm":178243,"minecraft:damage_taken":2147483647,"minecraft:walk_one_cm":167001,"minecraft:trigger_trapped_chest":1,"minecraft:drop":9,"minecraft:damage_dealt":4428,"minecraft:swim_one_cm":27013,"minecraft:fly_one_cm":186906,"minecraft:player_kills":1,"minecraft:crouch_one_cm":4161,"minecraft:play_time":62381,"tombstone:undead_killed":6,"minecraft:deaths":22,"minecraft:sneak_time":1766,"minecraft:walk_under_water_one_cm":11199,"tombstone:tomb_raiding":1,"minecraft:jump":1149,"minecraft:interact_with_blast_furnace":2,"minecraft:walk_on_water_one_cm":17883,"minecraft:total_world_time":62381,"minecraft:fall_one_cm":33771,"minecraft:horse_one_cm":167},"minecraft:killed_by":{"minecraft:husk":2,"iceandfire:gorgon":1,"minecraft:player":4,"undead_revamp2:therod":1,"minecraft:zombie":2,"iceandfire:ghost":5,"undead_revamp2:theheavy":2,"iceandfire:stymphalian_bird":1,"undead_revamp2:thebeartamer":1,"luminousworld:savannah_skeleton":1},"minecraft:picked_up":{"minecraft:birch_log":2,"minecraft:coarse_dirt":1,"minecraft:crafting_table":4,"minecraft:feather":5,"minecraft:chicken":2,"minecraft:tripwire_hook":3,"minecraft:andesite":4,"vanillaplustools:wooden_hammer":1,"minecraft:wooden_pickaxe":3,"minecraft:potion":12,"minecraft:oak_log":1,"iceandfire:ectoplasm":2,"minecraft:dirt":7,"tombstone:gift":3,"minecraft:iron_axe":1,"born_in_chaos_v1:intoxicating_decoction":1,"minecraft:bone":4,"minecraft:beetroot":1,"stalwart_dungeons:iron_hammer":1,"minecraft:spruce_planks":2,"minecraft:stone_pickaxe":4,"minecraft:iron_pickaxe":1,"minecraft:cyan_candle":3,"luminousworld:white_petunias":4,"minecraft:sugar_cane":24,"minecraft:birch_sapling":5,"minecraft:furnace":1,"minecraft:book":36,"iceandfire:copper_nugget":3,"minecraft:raw_iron":6,"minecraft:stripped_mangrove_wood":3,"minecraft:dark_oak_slab":4,"luminousworld:clovers_1":1,"minecraft:copper_ingot":3,"minecraft:torch":3,"minecraft:spruce_stairs":13,"tombstone:bone_needle":1,"minecraft:porkchop":6,"iceandfire:stymphalian_bird_feather":8,"born_in_chaos_v1:pieceofdarkmetal":12,"alexsmobs:animal_dictionary":1,"minecraft:barrel":4,"minecraft:arrow":4,"minecraft:rotten_flesh":6,"minecraft:stone_axe":2,"minecraft:pumpkin_pie":10,"minecraft:bread":6,"iceandfire:gorgon_head":3,"minecraft:mutton":6,"minecraft:wooden_axe":1,"minecraft:coal":16,"iceandfire:raw_silver":9,"minecraft:white_wool":8,"minecraft:cobblestone":16},"minecraft:mined":{"luminousworld:white_petunias":1,"minecraft:spruce_planks":1,"iceandfire:silver_ore":3,"minecraft:mossy_cobblestone":3,"luminousworld:grassvariant_4":1,"luminousworld:birchtreemushrooms":1,"placeablesmod:beetroot_block_1":1,"minecraft:crafting_table":4,"minecraft:grass_block":7,"luminousworld:grassvariant_2":2,"minecraft:wall_torch":1,"minecraft:spruce_stairs":4,"minecraft:coarse_dirt":1,"minecraft:dark_oak_slab":1,"minecraft:furnace":1,"naturalist:duckweed":1,"minecraft:iron_ore":2,"minecraft:birch_log":2,"minecraft:barrel":1,"minecraft:spruce_log":1,"minecraft:andesite":1,"minecraft:birch_leaves":13,"minecraft:grass":4,"minecraft:oak_log":1,"minecraft:bookshelf":3,"minecraft:coal_ore":1,"minecraft:vine":3,"minecraft:dirt":3,"minecraft:stripped_mangrove_wood":3,"luminousworld:groundpebbles_2":1,"minecraft:tripwire_hook":1,"minecraft:stone":16,"minecraft:spruce_slab":1,"minecraft:oak_leaves":3,"minecraft:cyan_candle":1}},"DataVersion":3465}