{"stats":{"minecraft:crafted":{"minecraft:cooked_porkchop":3,"minecraft:crafting_table":1,"minecraft:wooden_pickaxe":1,"minecraft:furnace":1,"minecraft:mangrove_planks":12,"minecraft:birch_planks":8,"minecraft:stone_axe":1,"minecraft:air":0,"minecraft:stick":4,"minecraft:wooden_axe":1},"minecraft:used":{"minecraft:beetroot":13,"minecraft:birch_planks":3,"minecraft:stone_pickaxe":7,"minecraft:cyan_candle":3,"minecraft:mangrove_planks":3,"minecraft:wooden_pickaxe":14,"minecraft:dirt":6,"minecraft:crafting_table":3,"minecraft:spruce_stairs":1,"minecraft:wooden_axe":26,"minecraft:bread":3,"minecraft:stone_axe":39,"minecraft:furnace":2,"minecraft:cooked_porkchop":3,"tombstone:gift":2,"alexsmobs:animal_dictionary":2},"minecraft:dropped":{"minecraft:skeleton_skull":1},"minecraft:killed":{"minecraft:pig":1,"undead_revamp2:the_moonflower":1,"undead_revamp2:thebeartamer":1,"enemyexpansion:direwolf":1,"minecraft:sheep":2,"iceandfire:ghost":1,"minecraft:chicken":2,"born_in_chaos_v1:skeleton_thrasher":1,"undead_revamp2:therod":1,"mowziesmobs:umvuthana_raptor":1},"minecraft:custom":{"minecraft:interact_with_furnace":3,"minecraft:mob_kills":12,"minecraft:interact_with_crafting_table":7,"minecraft:open_barrel":9,"minecraft:leave_game":2,"minecraft:time_since_death":6455,"minecraft:climb_one_cm":180,"minecraft:time_since_rest":6178,"minecraft:sprint_one_cm":110209,"minecraft:damage_taken":4608,"minecraft:walk_one_cm":130290,"minecraft:trigger_trapped_chest":1,"minecraft:drop":1,"minecraft:damage_dealt":3202,"minecraft:swim_one_cm":7875,"minecraft:fly_one_cm":96760,"minecraft:crouch_one_cm":4081,"minecraft:play_time":38381,"tombstone:undead_killed":5,"minecraft:deaths":14,"minecraft:sneak_time":1585,"minecraft:walk_under_water_one_cm":2510,"minecraft:jump":676,"minecraft:interact_with_blast_furnace":2,"minecraft:walk_on_water_one_cm":5009,"minecraft:total_world_time":38381,"minecraft:fall_one_cm":20265,"minecraft:horse_one_cm":167},"minecraft:killed_by":{"minecraft:husk":2,"undead_revamp2:therod":1,"minecraft:zombie":1,"iceandfire:ghost":4,"undead_revamp2:theheavy":2,"undead_revamp2:thebeartamer":1,"luminousworld:savannah_skeleton":1},"minecraft:picked_up":{"minecraft:birch_log":2,"minecraft:crafting_table":3,"minecraft:feather":5,"minecraft:chicken":1,"minecraft:tripwire_hook":1,"minecraft:potion":4,"minecraft:dirt":7,"minecraft:bone":4,"minecraft:beetroot":1,"minecraft:stone_pickaxe":1,"minecraft:cyan_candle":3,"luminousworld:white_petunias":1,"minecraft:birch_sapling":1,"minecraft:furnace":1,"minecraft:book":9,"minecraft:raw_iron":2,"minecraft:stripped_mangrove_wood":3,"minecraft:dark_oak_slab":1,"luminousworld:clovers_1":1,"minecraft:copper_ingot":1,"minecraft:spruce_stairs":1,"minecraft:porkchop":3,"born_in_chaos_v1:pieceofdarkmetal":3,"minecraft:barrel":1,"minecraft:arrow":1,"minecraft:rotten_flesh":2,"minecraft:bread":3,"minecraft:mutton":3,"minecraft:coal":1,"minecraft:white_wool":2,"minecraft:cobblestone":13},"minecraft:mined":{"luminousworld:white_petunias":1,"minecraft:mossy_cobblestone":3,"luminousworld:grassvariant_4":1,"luminousworld:birchtreemushrooms":1,"placeablesmod:beetroot_block_1":1,"minecraft:crafting_table":3,"minecraft:grass_block":7,"luminousworld:grassvariant_2":2,"minecraft:spruce_stairs":1,"minecraft:dark_oak_slab":1,"minecraft:furnace":1,"minecraft:iron_ore":2,"minecraft:birch_log":2,"minecraft:barrel":1,"minecraft:spruce_log":1,"minecraft:birch_leaves":7,"minecraft:grass":2,"minecraft:bookshelf":3,"minecraft:coal_ore":1,"minecraft:vine":1,"minecraft:dirt":3,"minecraft:stripped_mangrove_wood":3,"luminousworld:groundpebbles_2":1,"minecraft:tripwire_hook":1,"minecraft:stone":13,"minecraft:oak_leaves":2,"minecraft:cyan_candle":1}},"DataVersion":3465}