{"stats":{"minecraft:crafted":{"minecraft:cooked_porkchop":3,"minecraft:crafting_table":1,"minecraft:wooden_pickaxe":1,"minecraft:furnace":1,"minecraft:mangrove_planks":12,"minecraft:birch_planks":8,"minecraft:stone_axe":1,"minecraft:air":0,"minecraft:stick":4,"minecraft:wooden_axe":1},"minecraft:used":{"minecraft:beetroot":13,"minecraft:birch_planks":3,"minecraft:stone_pickaxe":16,"minecraft:cyan_candle":3,"minecraft:mangrove_planks":3,"minecraft:wooden_pickaxe":15,"minecraft:dirt":7,"minecraft:crafting_table":3,"minecraft:spruce_stairs":1,"minecraft:wooden_axe":26,"minecraft:bread":3,"minecraft:stone_axe":58,"minecraft:furnace":2,"minecraft:cooked_porkchop":3,"tombstone:gift":2,"alexsmobs:animal_dictionary":2,"minecraft:coarse_dirt":1},"minecraft:dropped":{"minecraft:skeleton_skull":1},"minecraft:killed":{"minecraft:pig":1,"undead_revamp2:the_moonflower":1,"undead_revamp2:bomber":1,"undead_revamp2:thebeartamer":1,"enemyexpansion:direwolf":1,"minecraft:sheep":2,"iceandfire:ghost":1,"minecraft:chicken":2,"born_in_chaos_v1:skeleton_thrasher":1,"undead_revamp2:therod":1,"mowziesmobs:umvuthana_raptor":1},"minecraft:custom":{"minecraft:interact_with_furnace":3,"minecraft:mob_kills":14,"minecraft:interact_with_crafting_table":7,"minecraft:open_barrel":9,"minecraft:leave_game":2,"minecraft:time_since_death":0,"minecraft:climb_one_cm":394,"minecraft:time_since_rest":944,"minecraft:sprint_one_cm":148057,"minecraft:damage_taken":5363,"minecraft:walk_one_cm":148087,"minecraft:trigger_trapped_chest":1,"minecraft:drop":1,"minecraft:damage_dealt":3882,"minecraft:swim_one_cm":21780,"minecraft:fly_one_cm":133246,"minecraft:crouch_one_cm":4081,"minecraft:play_time":50381,"tombstone:undead_killed":6,"minecraft:deaths":17,"minecraft:sneak_time":1753,"minecraft:walk_under_water_one_cm":10460,"minecraft:jump":928,"minecraft:interact_with_blast_furnace":2,"minecraft:walk_on_water_one_cm":16625,"minecraft:total_world_time":50381,"minecraft:fall_one_cm":26648,"minecraft:horse_one_cm":167},"minecraft:killed_by":{"minecraft:husk":2,"minecraft:player":1,"undead_revamp2:therod":1,"minecraft:zombie":2,"iceandfire:ghost":5,"undead_revamp2:theheavy":2,"undead_revamp2:thebeartamer":1,"luminousworld:savannah_skeleton":1},"minecraft:picked_up":{"minecraft:birch_log":2,"minecraft:coarse_dirt":1,"minecraft:crafting_table":3,"minecraft:feather":5,"minecraft:chicken":1,"minecraft:tripwire_hook":1,"minecraft:andesite":1,"minecraft:potion":4,"minecraft:dirt":7,"minecraft:bone":4,"minecraft:beetroot":1,"minecraft:spruce_planks":1,"minecraft:stone_pickaxe":1,"minecraft:cyan_candle":3,"luminousworld:white_petunias":1,"minecraft:birch_sapling":1,"minecraft:furnace":1,"minecraft:book":9,"minecraft:raw_iron":2,"minecraft:stripped_mangrove_wood":3,"minecraft:dark_oak_slab":1,"luminousworld:clovers_1":1,"minecraft:copper_ingot":1,"minecraft:spruce_stairs":4,"minecraft:porkchop":3,"born_in_chaos_v1:pieceofdarkmetal":3,"minecraft:barrel":1,"minecraft:arrow":1,"minecraft:rotten_flesh":2,"minecraft:bread":3,"minecraft:mutton":3,"minecraft:coal":1,"iceandfire:raw_silver":3,"minecraft:white_wool":2,"minecraft:cobblestone":16},"minecraft:mined":{"luminousworld:white_petunias":1,"minecraft:spruce_planks":1,"iceandfire:silver_ore":3,"minecraft:mossy_cobblestone":3,"luminousworld:grassvariant_4":1,"luminousworld:birchtreemushrooms":1,"placeablesmod:beetroot_block_1":1,"minecraft:crafting_table":3,"minecraft:grass_block":7,"luminousworld:grassvariant_2":2,"minecraft:spruce_stairs":4,"minecraft:coarse_dirt":1,"minecraft:dark_oak_slab":1,"minecraft:furnace":1,"naturalist:duckweed":1,"minecraft:iron_ore":2,"minecraft:birch_log":2,"minecraft:barrel":1,"minecraft:spruce_log":1,"minecraft:andesite":1,"minecraft:birch_leaves":13,"minecraft:grass":4,"minecraft:bookshelf":3,"minecraft:coal_ore":1,"minecraft:vine":1,"minecraft:dirt":3,"minecraft:stripped_mangrove_wood":3,"luminousworld:groundpebbles_2":1,"minecraft:tripwire_hook":1,"minecraft:stone":16,"minecraft:spruce_slab":1,"minecraft:oak_leaves":2,"minecraft:cyan_candle":1}},"DataVersion":3465}