{"stats":{"minecraft:killed":{"minecraft:sheep":2,"minecraft:pillager":3,"minecraft:zombie":2},"minecraft:killed_by":{"minecraft:vindicator":1,"mokels_adventure:salamander":1,"minecraft:player":7,"minecraft:skeleton":2,"minecraft:spider":1,"minecraft:zombie":1,"minecraft:pillager":3,"irons_spellbooks:archevoker":4,"minecraft:ravager":1,"minecraft:vex":3},"minecraft:picked_up":{"minecraft:wooden_axe":1,"minecraft:birch_log":3,"minecraft:wheat":14,"hogcraft:galleon":1,"minecraft:flower_pot":1,"minecraft:wooden_pickaxe":1,"minecraft:birch_planks":2,"minecraft:flint":3,"minecraft:golden_sword":2,"minecraft:gunpowder":2,"hogcraft:hogwarts_letter":1,"minecraft:dirt":4,"minecraft:string":1,"minecraft:paper":6,"minecraft:wooden_sword":6,"irons_spellbooks:common_ink":5,"minecraft:red_carpet":8,"minecraft:experience_bottle":6,"irons_spellbooks:arcane_essence":9,"minecraft:wheat_seeds":4,"rpgsmw:woodenfiber":1,"irons_spellbooks:lightning_bottle":2,"minecraft:lectern":3,"minecraft:birch_sapling":1,"irons_spellbooks:inscription_table":1,"minecraft:dark_oak_stairs":2,"minecraft:book":31,"minecraft:stick":14,"minecraft:dark_oak_slab":2,"minecraft:pumpkin":1,"herbology:ember_leaf":2,"minecraft:stone_brick_slab":2,"minecraft:dandelion":1,"magistuarmory:rusted_heavymace":2,"minecraft:carrot":1,"minecraft:dead_bush":1,"minecraft:spruce_log":2,"minecraft:leather_helmet":1,"minecraft:goat_horn":1,"minecraft:dark_oak_log":9,"minecraft:barrel":2,"minecraft:dark_oak_planks":2,"minecraft:arrow":4,"minecraft:rotten_flesh":4,"irons_spellbooks:divine_pearl":4,"herbology:ember_leaf_seed":2,"minecraft:hay_block":1,"minecraft:bread":5,"irons_spellbooks:uncommon_ink":1,"minecraft:oak_sapling":2,"minecraft:mutton":7,"minecraft:black_wool":2,"minecraft:stripped_dark_oak_log":4,"minecraft:white_wool":5,"minecraft:cobblestone":11},"minecraft:dropped":{"minecraft:rotten_flesh":1,"minecraft:wooden_axe":1,"minecraft:oak_sapling":2,"minecraft:wooden_sword":2},"minecraft:custom":{"minecraft:mob_kills":7,"minecraft:interact_with_crafting_table":2,"minecraft:open_barrel":9,"minecraft:interact_with_grindstone":1,"minecraft:leave_game":2,"minecraft:time_since_death":2240,"minecraft:climb_one_cm":2715,"minecraft:time_since_rest":2275,"minecraft:sprint_one_cm":163071,"minecraft:damage_taken":7468,"minecraft:walk_one_cm":146502,"minecraft:drop":6,"minecraft:damage_dealt":2424,"minecraft:swim_one_cm":446,"minecraft:fly_one_cm":107692,"minecraft:player_kills":3,"minecraft:open_chest":4,"minecraft:crouch_one_cm":4340,"minecraft:play_time":57533,"minecraft:deaths":25,"minecraft:sneak_time":1622,"minecraft:walk_under_water_one_cm":563,"minecraft:jump":742,"minecraft:walk_on_water_one_cm":1431,"minecraft:total_world_time":57533,"minecraft:fall_one_cm":38437},"minecraft:mined":{"minecraft:red_carpet":7,"minecraft:dark_oak_leaves":11,"minecraft:stripped_dark_oak_log":5,"minecraft:dark_oak_log":6,"minecraft:dark_oak_fence":3,"minecraft:grass_block":4,"minecraft:lectern":1,"minecraft:tall_grass":2,"minecraft:spruce_leaves":4,"minecraft:large_fern":4,"minecraft:dark_oak_slab":3,"minecraft:birch_log":2,"minecraft:barrel":1,"minecraft:spruce_log":2,"minecraft:birch_leaves":1,"minecraft:dark_oak_stairs":2,"minecraft:lime_stained_glass_pane":2,"minecraft:grass":19,"irons_spellbooks:inscription_table":1,"minecraft:oak_leaves":14,"minecraft:fern":2},"minecraft:used":{"minecraft:dark_oak_stairs":2,"magistuarmory:rusted_heavymace":8,"minecraft:birch_planks":2,"minecraft:rotten_flesh":1,"minecraft:dirt":1,"minecraft:mutton":4,"minecraft:crafting_table":2,"minecraft:carrot":2,"minecraft:dark_oak_planks":9,"minecraft:flower_pot":1,"minecraft:black_wool":1,"minecraft:dark_oak_log":1,"minecraft:leather_helmet":1,"minecraft:dark_oak_slab":2,"minecraft:golden_sword":7,"minecraft:red_carpet":1,"minecraft:wooden_sword":25,"minecraft:hay_block":1},"minecraft:crafted":{"minecraft:wooden_sword":2,"minecraft:crafting_table":2,"minecraft:spruce_planks":8,"minecraft:birch_planks":4,"minecraft:stick":8,"minecraft:dark_oak_planks":28}},"DataVersion":3465}