{"stats":{"minecraft:killed_by":{"minecraft:player":2,"minecraft:vex":1},"minecraft:killed":{"minecraft:zombie":1},"minecraft:picked_up":{"minecraft:dark_oak_planks":4,"rpgsmw:class_choose_orb":1,"minecraft:stick":11,"minecraft:rotten_flesh":1,"minecraft:stone_bricks":3,"minecraft:red_sand":1,"hogcraft:hogwarts_letter":1,"minecraft:stripped_dark_oak_log":1,"minecraft:cobblestone":1},"minecraft:custom":{"minecraft:time_since_rest":2125,"minecraft:crouch_one_cm":497,"minecraft:play_time":20125,"minecraft:sprint_one_cm":114755,"minecraft:walk_one_cm":90355,"minecraft:damage_taken":1833,"minecraft:deaths":5,"minecraft:sneak_time":182,"minecraft:walk_under_water_one_cm":217,"minecraft:mob_kills":1,"minecraft:boat_one_cm":36953,"minecraft:jump":324,"minecraft:leave_game":1,"minecraft:damage_dealt":340,"minecraft:walk_on_water_one_cm":488,"minecraft:time_since_death":2093,"minecraft:total_world_time":20125,"minecraft:climb_one_cm":549,"minecraft:interact_with_crafting_table":2,"minecraft:fall_one_cm":20921,"minecraft:fly_one_cm":47968,"minecraft:open_barrel":1},"minecraft:mined":{"minecraft:dark_oak_planks":4,"minecraft:red_sand":1,"minecraft:dead_bush":8,"minecraft:stone":1,"minecraft:terracotta":1,"minecraft:orange_terracotta":1,"minecraft:stone_bricks":3},"minecraft:used":{"minecraft:red_sand":1,"minecraft:iron_pickaxe":7,"hogcraft:hogwarts_letter":1,"artifacts:onion_ring":1,"minecraft:stone_bricks":1}},"DataVersion":3465}