{"stats":{"minecraft:killed_by":{"minecraft:player":1,"mokels_adventure:salamander":1},"minecraft:picked_up":{"hogcraft:hogwarts_letter":1,"minecraft:dark_oak_log":4,"rpgsmw:woodenfiber":1},"minecraft:custom":{"minecraft:jump":37,"minecraft:time_since_rest":3288,"minecraft:leave_game":1,"minecraft:damage_dealt":206,"minecraft:deaths":2,"minecraft:sprint_one_cm":7559,"minecraft:play_time":5564,"minecraft:damage_taken":597,"minecraft:time_since_death":3259,"minecraft:walk_one_cm":14011,"minecraft:total_world_time":5564,"minecraft:fall_one_cm":2583,"minecraft:fly_one_cm":3393},"minecraft:mined":{"minecraft:grass":1,"minecraft:dark_oak_log":2,"minecraft:oak_leaves":1}},"DataVersion":3465}