{"stats":{"minecraft:killed_by":{"mokels_adventure:salamander":1,"minecraft:player":1},"minecraft:picked_up":{"rpgsmw:woodenfiber":1,"minecraft:oak_sapling":2,"hogcraft:hogwarts_letter":1,"minecraft:dark_oak_log":4},"minecraft:dropped":{"minecraft:oak_sapling":2},"minecraft:custom":{"minecraft:time_since_rest":5424,"minecraft:play_time":7700,"minecraft:sprint_one_cm":12422,"minecraft:deaths":2,"minecraft:damage_taken":667,"minecraft:walk_one_cm":20937,"minecraft:drop":2,"minecraft:jump":86,"minecraft:damage_dealt":206,"minecraft:leave_game":1,"minecraft:time_since_death":5395,"minecraft:total_world_time":7700,"minecraft:fall_one_cm":5321,"minecraft:fly_one_cm":10699},"minecraft:mined":{"minecraft:grass":1,"minecraft:dark_oak_leaves":1,"minecraft:dark_oak_log":2,"minecraft:oak_leaves":11}},"DataVersion":3465}