{"stats":{"minecraft:crafted":{"minecraft:crafting_table":1,"minecraft:stick":4,"minecraft:wooden_axe":1,"minecraft:mangrove_planks":12},"minecraft:used":{"minecraft:beetroot":13,"minecraft:wooden_axe":19,"minecraft:cyan_candle":3,"minecraft:mangrove_planks":3,"minecraft:crafting_table":1,"minecraft:spruce_stairs":1,"tombstone:gift":2,"alexsmobs:animal_dictionary":2},"minecraft:custom":{"minecraft:time_since_rest":2879,"minecraft:sprint_one_cm":23840,"minecraft:damage_taken":1260,"minecraft:walk_one_cm":48133,"minecraft:mob_kills":5,"minecraft:damage_dealt":491,"minecraft:fly_one_cm":13367,"minecraft:interact_with_crafting_table":1,"minecraft:open_barrel":9,"minecraft:crouch_one_cm":2999,"minecraft:play_time":14381,"tombstone:undead_killed":1,"minecraft:deaths":3,"minecraft:sneak_time":1254,"minecraft:jump":152,"minecraft:walk_on_water_one_cm":41,"minecraft:interact_with_blast_furnace":2,"minecraft:leave_game":2,"minecraft:time_since_death":3145,"minecraft:total_world_time":14381,"minecraft:fall_one_cm":5697},"minecraft:killed":{"minecraft:sheep":2,"minecraft:chicken":2,"undead_revamp2:thebeartamer":1},"minecraft:killed_by":{"minecraft:husk":2,"undead_revamp2:thebeartamer":1},"minecraft:picked_up":{"minecraft:book":9,"luminousworld:clovers_1":1,"minecraft:dark_oak_slab":1,"minecraft:crafting_table":1,"minecraft:stripped_mangrove_wood":3,"minecraft:chicken":1,"minecraft:tripwire_hook":1,"minecraft:spruce_stairs":1,"minecraft:barrel":1,"minecraft:beetroot":1,"minecraft:bread":3,"minecraft:cyan_candle":3,"minecraft:mutton":3,"minecraft:birch_sapling":1,"minecraft:white_wool":2,"minecraft:feather":2},"minecraft:mined":{"minecraft:spruce_stairs":1,"minecraft:dark_oak_slab":1,"placeablesmod:beetroot_block_1":1,"minecraft:barrel":1,"minecraft:spruce_log":1,"minecraft:birch_leaves":4,"minecraft:crafting_table":1,"minecraft:bookshelf":3,"luminousworld:grassvariant_2":2,"luminousworld:groundpebbles_2":1,"minecraft:tripwire_hook":1,"minecraft:stripped_mangrove_wood":3,"minecraft:cyan_candle":1}},"DataVersion":3465}