{"stats":{"minecraft:killed_by":{"mokels_adventure:salamander":1,"minecraft:player":4,"minecraft:skeleton":1,"minecraft:spider":1,"minecraft:zombie":1,"minecraft:pillager":1},"minecraft:killed":{"minecraft:sheep":2,"minecraft:pillager":1,"minecraft:zombie":1},"minecraft:picked_up":{"minecraft:wooden_axe":1,"minecraft:dandelion":1,"magistuarmory:rusted_heavymace":2,"minecraft:spruce_log":2,"hogcraft:hogwarts_letter":1,"minecraft:dark_oak_log":4,"minecraft:wooden_sword":3,"minecraft:arrow":1,"minecraft:rotten_flesh":1,"minecraft:wheat_seeds":2,"rpgsmw:woodenfiber":1,"minecraft:oak_sapling":2,"minecraft:stripped_dark_oak_log":1,"minecraft:mutton":4,"minecraft:white_wool":3},"minecraft:dropped":{"minecraft:wooden_axe":1,"minecraft:oak_sapling":2,"minecraft:rotten_flesh":1,"minecraft:wooden_sword":2},"minecraft:custom":{"minecraft:time_since_rest":804,"minecraft:sprint_one_cm":97199,"minecraft:damage_taken":2682,"minecraft:walk_one_cm":64139,"minecraft:mob_kills":4,"minecraft:drop":6,"minecraft:damage_dealt":1369,"minecraft:swim_one_cm":446,"minecraft:interact_with_crafting_table":1,"minecraft:fly_one_cm":59604,"minecraft:player_kills":3,"minecraft:crouch_one_cm":120,"minecraft:play_time":19700,"minecraft:deaths":10,"minecraft:sneak_time":15,"minecraft:walk_under_water_one_cm":391,"minecraft:jump":313,"minecraft:leave_game":1,"minecraft:walk_on_water_one_cm":1212,"minecraft:time_since_death":747,"minecraft:total_world_time":19700,"minecraft:fall_one_cm":18722},"minecraft:mined":{"minecraft:large_fern":4,"minecraft:dark_oak_leaves":1,"minecraft:stripped_dark_oak_log":2,"minecraft:spruce_log":2,"minecraft:dark_oak_log":2,"minecraft:grass":12,"minecraft:tall_grass":2,"minecraft:spruce_leaves":4,"minecraft:oak_leaves":11,"minecraft:fern":1},"minecraft:used":{"magistuarmory:rusted_heavymace":8,"minecraft:wooden_sword":15,"minecraft:mutton":2,"minecraft:crafting_table":1},"minecraft:crafted":{"minecraft:wooden_sword":1,"minecraft:crafting_table":1,"minecraft:spruce_planks":8,"minecraft:stick":4}},"DataVersion":3465}