{"stats":{"minecraft:killed":{"minecraft:zombie":1},"minecraft:killed_by":{"minecraft:player":1},"minecraft:picked_up":{"minecraft:stick":9,"minecraft:rotten_flesh":1},"minecraft:custom":{"minecraft:jump":46,"minecraft:time_since_rest":1389,"minecraft:deaths":1,"minecraft:damage_dealt":205,"minecraft:crouch_one_cm":30,"minecraft:sprint_one_cm":12905,"minecraft:play_time":3978,"minecraft:damage_taken":301,"minecraft:time_since_death":1359,"minecraft:walk_one_cm":19084,"minecraft:sneak_time":27,"minecraft:total_world_time":3978,"minecraft:mob_kills":1,"minecraft:fall_one_cm":2669,"minecraft:fly_one_cm":8402},"minecraft:mined":{"minecraft:dead_bush":8},"minecraft:used":{"hogcraft:hogwarts_letter":1}},"DataVersion":3465}