{"stats":{"minecraft:crafted":{"minecraft:cooked_porkchop":3,"minecraft:crafting_table":1,"minecraft:wooden_pickaxe":1,"minecraft:furnace":1,"minecraft:mangrove_planks":12,"minecraft:birch_planks":8,"minecraft:stone_axe":1,"minecraft:air":0,"minecraft:stick":4,"minecraft:wooden_axe":1},"minecraft:used":{"minecraft:beetroot":13,"minecraft:birch_planks":3,"minecraft:cyan_candle":3,"minecraft:mangrove_planks":3,"minecraft:wooden_pickaxe":14,"minecraft:dirt":2,"minecraft:crafting_table":3,"minecraft:spruce_stairs":1,"minecraft:wooden_axe":26,"minecraft:bread":3,"minecraft:stone_axe":19,"minecraft:furnace":1,"minecraft:cooked_porkchop":2,"tombstone:gift":2,"alexsmobs:animal_dictionary":2},"minecraft:killed":{"minecraft:pig":1,"undead_revamp2:the_moonflower":1,"undead_revamp2:thebeartamer":1,"minecraft:sheep":2,"minecraft:chicken":2,"born_in_chaos_v1:skeleton_thrasher":1,"undead_revamp2:therod":1,"mowziesmobs:umvuthana_raptor":1},"minecraft:custom":{"minecraft:interact_with_furnace":2,"minecraft:mob_kills":10,"minecraft:interact_with_crafting_table":4,"minecraft:open_barrel":9,"minecraft:leave_game":2,"minecraft:time_since_death":587,"minecraft:time_since_rest":241,"minecraft:sprint_one_cm":73175,"minecraft:damage_taken":2350,"minecraft:walk_one_cm":104565,"minecraft:damage_dealt":1863,"minecraft:swim_one_cm":1665,"minecraft:fly_one_cm":50799,"minecraft:crouch_one_cm":3836,"minecraft:play_time":26381,"tombstone:undead_killed":4,"minecraft:deaths":6,"minecraft:sneak_time":1511,"minecraft:walk_under_water_one_cm":1826,"minecraft:jump":402,"minecraft:interact_with_blast_furnace":2,"minecraft:walk_on_water_one_cm":2897,"minecraft:total_world_time":26381,"minecraft:fall_one_cm":12722,"minecraft:horse_one_cm":167},"minecraft:killed_by":{"minecraft:husk":2,"undead_revamp2:therod":1,"iceandfire:ghost":1,"undead_revamp2:thebeartamer":1,"luminousworld:savannah_skeleton":1},"minecraft:picked_up":{"minecraft:birch_log":2,"minecraft:crafting_table":3,"minecraft:feather":5,"minecraft:chicken":1,"minecraft:tripwire_hook":1,"minecraft:dirt":2,"minecraft:bone":4,"minecraft:beetroot":1,"minecraft:cyan_candle":3,"luminousworld:white_petunias":1,"minecraft:birch_sapling":1,"minecraft:furnace":1,"minecraft:book":9,"minecraft:stripped_mangrove_wood":3,"minecraft:dark_oak_slab":1,"luminousworld:clovers_1":1,"minecraft:copper_ingot":1,"minecraft:spruce_stairs":1,"minecraft:porkchop":3,"born_in_chaos_v1:pieceofdarkmetal":3,"minecraft:barrel":1,"minecraft:rotten_flesh":2,"minecraft:bread":3,"minecraft:mutton":3,"minecraft:coal":1,"minecraft:white_wool":2,"minecraft:cobblestone":12},"minecraft:mined":{"luminousworld:white_petunias":1,"luminousworld:grassvariant_4":1,"luminousworld:birchtreemushrooms":1,"placeablesmod:beetroot_block_1":1,"minecraft:crafting_table":3,"minecraft:grass_block":3,"luminousworld:grassvariant_2":2,"minecraft:spruce_stairs":1,"minecraft:dark_oak_slab":1,"minecraft:furnace":1,"minecraft:birch_log":2,"minecraft:barrel":1,"minecraft:spruce_log":1,"minecraft:birch_leaves":6,"minecraft:bookshelf":3,"minecraft:coal_ore":1,"minecraft:dirt":2,"minecraft:stripped_mangrove_wood":3,"luminousworld:groundpebbles_2":1,"minecraft:tripwire_hook":1,"minecraft:stone":12,"minecraft:cyan_candle":1}},"DataVersion":3465}