{"stats":{"minecraft:used":{"minecraft:pumpkin_pie":2},"minecraft:dropped":{"luminousworld:groundpebbles_1":2},"minecraft:killed":{"minecraft:cow":1},"minecraft:custom":{"minecraft:open_barrel":2,"minecraft:open_chest":2,"minecraft:time_since_rest":1,"minecraft:deaths":1,"minecraft:play_time":5506,"minecraft:sprint_one_cm":25262,"minecraft:damage_taken":370,"minecraft:walk_one_cm":13110,"minecraft:walk_under_water_one_cm":621,"minecraft:mob_kills":1,"minecraft:drop":2,"minecraft:jump":125,"minecraft:damage_dealt":126,"minecraft:interact_with_blast_furnace":1,"minecraft:leave_game":1,"minecraft:time_since_death":180,"minecraft:walk_on_water_one_cm":556,"minecraft:total_world_time":5506,"minecraft:swim_one_cm":5300,"minecraft:fall_one_cm":3609,"minecraft:fly_one_cm":20444},"minecraft:killed_by":{"minecraft:husk":1},"minecraft:picked_up":{"luminousworld:groundpebbles_1":2,"luminousworld:clovers_1":1,"minecraft:leather":1,"minecraft:beef":2},"minecraft:mined":{"luminousworld:groundpebbles_1":2,"luminousworld:clovers_1":1,"luminousworld:grassvariant_4":1,"luminousworld:grassvariant_3":1,"minecraft:birch_leaves":2}},"DataVersion":3465}