{"stats":{"minecraft:killed":{"mokels_adventure:salamander":1,"minecraft:witch":1,"minecraft:chicken":1},"minecraft:killed_by":{"mokels_adventure:salamander":6},"minecraft:picked_up":{"minecraft:stick":3,"minecraft:crafting_table":3,"minecraft:chicken":1,"minecraft:dried_kelp":1,"minecraft:spruce_log":2,"hogcraft:hogwarts_letter":7,"minecraft:dark_oak_log":6,"minecraft:dark_oak_planks":30,"rpgsmw:class_choose_orb":5,"hogcraft:unicorn_tail_hair":1,"minecraft:wheat_seeds":4,"rpgsmw:woodenfiber":3,"weaponmaster:tutorialbook":6,"minecraft:poppy":1,"minecraft:glass_bottle":2},"minecraft:dropped":{"hogcraft:hogwarts_letter":1},"minecraft:custom":{"minecraft:time_since_rest":4235,"minecraft:sprint_one_cm":49579,"minecraft:damage_taken":2118,"minecraft:walk_one_cm":51164,"minecraft:mob_kills":3,"minecraft:drop":1,"minecraft:damage_dealt":1587,"minecraft:interact_with_crafting_table":7,"minecraft:fly_one_cm":18497,"minecraft:player_kills":1,"minecraft:crouch_one_cm":1155,"minecraft:play_time":10426,"minecraft:deaths":6,"minecraft:sneak_time":320,"minecraft:jump":161,"minecraft:leave_game":1,"minecraft:time_since_death":4212,"minecraft:total_world_time":10426,"minecraft:fall_one_cm":4376},"minecraft:mined":{"minecraft:dark_oak_leaves":13,"minecraft:spruce_log":2,"minecraft:dark_oak_log":4,"minecraft:crafting_table":2,"minecraft:grass":7,"minecraft:poppy":1,"minecraft:tall_grass":1,"minecraft:fern":4},"minecraft:used":{"minecraft:wooden_axe":6,"minecraft:chicken":1,"minecraft:crafting_table":2},"minecraft:crafted":{"minecraft:crafting_table":1,"minecraft:spruce_planks":8,"minecraft:stick":8,"minecraft:wooden_pickaxe":1,"minecraft:wooden_axe":1,"minecraft:dark_oak_planks":24,"rpgsmw:woodenfiber":1}},"DataVersion":3465}