{"stats":{"minecraft:killed":{"minecraft:evoker":1,"mokels_adventure:salamander":1,"minecraft:witch":1,"minecraft:vindicator":1,"minecraft:spider":3,"mokels_adventure:knight":1,"minecraft:sheep":7,"minecraft:skeleton":1,"minecraft:zombie":7,"minecraft:chicken":2},"minecraft:killed_by":{"minecraft:vindicator":2,"mokels_adventure:salamander":6,"minecraft:player":3,"minecraft:skeleton":7,"minecraft:creeper":1,"mokels_adventure:knight":1,"minecraft:spider":1,"minecraft:zombie":1,"minecraft:ravager":1,"minecraft:vex":1},"minecraft:picked_up":{"minecraft:wooden_axe":3,"minecraft:birch_log":4,"minecraft:crafting_table":10,"minecraft:feather":4,"hogcraft:galleon":3,"minecraft:chicken":4,"minecraft:wooden_pickaxe":2,"minecraft:potato":1,"minecraft:birch_planks":4,"hogcraft:hogwarts_letter":9,"skilltree:gem":1,"minecraft:string":6,"minecraft:wooden_sword":4,"minecraft:red_carpet":5,"minecraft:bone":8,"minecraft:wheat_seeds":14,"rpgsmw:woodenfiber":4,"minecraft:spruce_planks":2,"minecraft:written_book":1,"weaponmaster:tutorialbook":8,"minecraft:poppy":2,"minecraft:light_gray_wool":1,"minecraft:glass_bottle":4,"minecraft:sugar_cane":8,"irons_spellbooks:inscription_table":1,"minecraft:birch_sapling":1,"minecraft:dark_oak_stairs":1,"minecraft:book":30,"minecraft:raw_iron":1,"minecraft:stick":10,"magistuarmory:rustedchainmail_chestplate":2,"herbology:salt":12,"minecraft:torch":3,"minecraft:dandelion":1,"magistuarmory:rusted_heavymace":1,"minecraft:dried_kelp":2,"minecraft:spruce_log":2,"minecraft:dark_oak_log":30,"magistuarmory:rustedcrusader_chestplate":1,"minecraft:leather_helmet":1,"minecraft:barrel":1,"minecraft:dark_oak_planks":70,"rpgsmw:class_choose_orb":5,"minecraft:arrow":2,"hogcraft:unicorn_tail_hair":2,"minecraft:rotten_flesh":8,"minecraft:hay_block":1,"minecraft:emerald":1,"minecraft:black_wool":2,"minecraft:stripped_dark_oak_log":4,"minecraft:mutton":19,"minecraft:coal":6,"minecraft:white_wool":7,"minecraft:cobblestone":25},"minecraft:dropped":{"minecraft:wheat_seeds":1,"magistuarmory:rusted_heavymace":1,"hogcraft:hogwarts_letter":1,"hogcraft:galleon":1,"minecraft:wooden_axe":1,"minecraft:wooden_sword":3},"minecraft:custom":{"minecraft:mob_kills":25,"minecraft:interact_with_crafting_table":13,"minecraft:open_barrel":9,"minecraft:leave_game":1,"minecraft:time_since_death":4980,"minecraft:climb_one_cm":2253,"minecraft:time_since_rest":5003,"minecraft:sprint_one_cm":255204,"minecraft:damage_taken":7310,"minecraft:walk_one_cm":203584,"minecraft:drop":8,"minecraft:damage_dealt":6464,"minecraft:swim_one_cm":12776,"minecraft:fly_one_cm":131954,"minecraft:player_kills":4,"minecraft:open_chest":3,"minecraft:crouch_one_cm":11907,"minecraft:play_time":59949,"minecraft:deaths":25,"minecraft:sneak_time":3813,"minecraft:walk_under_water_one_cm":490,"minecraft:jump":982,"minecraft:walk_on_water_one_cm":2320,"minecraft:total_world_time":59949,"minecraft:fall_one_cm":59661},"minecraft:mined":{"herbology:salt_block":5,"minecraft:dark_oak_leaves":13,"minecraft:stripped_dark_oak_log":3,"minecraft:dark_oak_log":21,"minecraft:dandelion":2,"minecraft:crafting_table":5,"minecraft:poppy":1,"minecraft:tall_grass":4,"minecraft:spruce_leaves":2,"minecraft:sugar_cane":2,"minecraft:hay_block":1,"minecraft:birch_log":3,"minecraft:barrel":1,"minecraft:spruce_log":2,"minecraft:birch_leaves":3,"minecraft:dark_oak_stairs":1,"minecraft:grass":36,"minecraft:bookshelf":10,"minecraft:coal_ore":6,"minecraft:stone":14,"minecraft:fern":4,"minecraft:dark_oak_planks":3},"minecraft:used":{"minecraft:dark_oak_stairs":1,"magistuarmory:rusted_heavymace":2,"minecraft:birch_planks":2,"minecraft:wooden_pickaxe":29,"minecraft:rotten_flesh":2,"minecraft:mutton":6,"minecraft:crafting_table":6,"minecraft:crossbow":10,"minecraft:dark_oak_planks":15,"minecraft:wooden_axe":54,"minecraft:chicken":1,"minecraft:barrel":1,"minecraft:wooden_sword":2,"minecraft:written_book":1,"rpgsmw:stone_battle_axe":8},"minecraft:crafted":{"minecraft:crafting_table":5,"minecraft:spruce_planks":8,"minecraft:wooden_pickaxe":2,"minecraft:birch_planks":12,"minecraft:stone_axe":2,"rpgsmw:stone_battle_axe":1,"minecraft:stick":28,"minecraft:wooden_axe":3,"rpgsmw:woodenfiber":1,"minecraft:dark_oak_planks":72,"minecraft:wheat":9}},"DataVersion":3465}