{"stats":{"minecraft:crafted":{"minecraft:mangrove_planks":4},"minecraft:used":{"minecraft:cooked_mutton":1,"minecraft:apple":1,"minecraft:mangrove_planks":4,"minecraft:golden_apple":1,"minecraft:mushroom_stew":2,"tombstone:gift":2,"minecraft:pumpkin_pie":4},"minecraft:dropped":{"minecraft:bread":3,"minecraft:dark_oak_fence":1,"minecraft:bowl":2,"luminousworld:groundpebbles_1":2,"luminousworld:decorative_brown_mushroom_1":1,"luminousworld:decorative_brown_2":1,"luminousworld:clovers_1":1},"minecraft:killed":{"earthmobsmod:horned_sheep":1,"minecraft:cow":1},"minecraft:custom":{"minecraft:time_since_rest":1811,"minecraft:damage_absorbed":40,"minecraft:sprint_one_cm":64029,"minecraft:damage_taken":2540,"minecraft:walk_one_cm":41945,"minecraft:mob_kills":2,"minecraft:drop":11,"minecraft:damage_dealt":406,"minecraft:swim_one_cm":5943,"minecraft:fly_one_cm":54526,"minecraft:open_barrel":9,"minecraft:open_chest":7,"minecraft:crouch_one_cm":952,"minecraft:play_time":17052,"minecraft:deaths":7,"minecraft:sneak_time":506,"minecraft:walk_under_water_one_cm":817,"minecraft:jump":361,"minecraft:interact_with_blast_furnace":1,"minecraft:leave_game":1,"minecraft:walk_on_water_one_cm":751,"minecraft:time_since_death":2124,"minecraft:climb_one_cm":1096,"minecraft:total_world_time":17052,"minecraft:fall_one_cm":10481},"minecraft:killed_by":{"minecraft:husk":3,"earthmobsmod:horned_sheep":1,"minecraft:skeleton":3},"minecraft:picked_up":{"luminousworld:decorative_brown_2":2,"minecraft:feather":1,"luminousworld:groundpebbles_1":2,"minecraft:stripped_mangrove_wood":1,"luminousworld:clovers_1":1,"minecraft:chicken":1,"minecraft:leather":1,"minecraft:bowl":1,"minecraft:potato":1,"minecraft:string":2,"minecraft:cooked_mutton":1,"luminousworld:decorative_brown_mushroom_1":1,"minecraft:rotten_flesh":1,"minecraft:beef":2,"minecraft:golden_apple":1,"minecraft:mutton":1,"minecraft:dark_oak_fence":1,"minecraft:white_wool":1,"minecraft:egg":1},"minecraft:mined":{"luminousworld:groundpebbles_1":2,"luminousworld:clovers_1":1,"luminousworld:grassvariant_4":1,"minecraft:fire":5,"minecraft:birch_leaves":6,"minecraft:dark_oak_fence":1,"minecraft:grass":2,"luminousworld:grassvariant_3":1,"luminousworld:decorative_brown_mushroom_1":1,"luminousworld:decorative_brown_2":1,"minecraft:stripped_mangrove_wood":1}},"DataVersion":3465}