{"stats":{"minecraft:killed_by":{"minecraft:creeper":1},"minecraft:picked_up":{"minecraft:dark_oak_planks":4,"rpgsmw:class_choose_orb":1,"minecraft:stick":1,"minecraft:rotten_flesh":1,"minecraft:red_sand":2,"weaponmaster:tutorialbook":2,"hogcraft:hogwarts_letter":2},"minecraft:custom":{"minecraft:time_since_rest":1877,"minecraft:crouch_one_cm":345,"minecraft:play_time":14313,"minecraft:sprint_one_cm":47836,"minecraft:walk_one_cm":23302,"minecraft:damage_taken":600,"minecraft:deaths":2,"minecraft:sneak_time":78,"minecraft:walk_under_water_one_cm":1580,"minecraft:jump":393,"minecraft:damage_dealt":109,"minecraft:time_since_death":1847,"minecraft:walk_on_water_one_cm":3157,"minecraft:climb_one_cm":432,"minecraft:total_world_time":14313,"minecraft:swim_one_cm":6560,"minecraft:fall_one_cm":21506,"minecraft:fly_one_cm":75917,"minecraft:player_kills":1},"minecraft:mined":{"minecraft:dark_oak_planks":4,"minecraft:red_sand":2,"minecraft:dead_bush":2},"minecraft:used":{"minecraft:red_sand":2,"hogcraft:hogwarts_letter":3}},"DataVersion":3465}