{"stats":{"minecraft:killed_by":{"minecraft:player":3,"minecraft:creeper":1,"minecraft:spider":1,"minecraft:ravager":1,"minecraft:vindicator":2,"mokels_adventure:salamander":6,"minecraft:skeleton":9,"mokels_adventure:knight":1,"minecraft:zombie":1,"irons_spellbooks:archevoker":3,"minecraft:vex":5},"minecraft:killed":{"minecraft:evoker":1,"minecraft:witch":1,"minecraft:spider":3,"minecraft:vindicator":2,"mokels_adventure:knight":1,"minecraft:skeleton":3,"minecraft:chicken":2,"mokels_adventure:salamander":1,"minecraft:creeper":1,"minecraft:sheep":7,"minecraft:pillager":3,"minecraft:zombie":8},"minecraft:broken":{"magistuarmory:rustedcrusader_chestplate":1},"minecraft:picked_up":{"minecraft:crafting_table":10,"minecraft:wheat":56,"minecraft:chicken":4,"minecraft:wooden_pickaxe":2,"minecraft:golden_sword":1,"minecraft:string":11,"minecraft:wooden_sword":5,"minecraft:experience_bottle":15,"irons_spellbooks:arcane_essence":130,"rpgsmw:woodenfiber":4,"minecraft:spruce_planks":2,"minecraft:written_book":6,"minecraft:poppy":2,"minecraft:light_gray_wool":1,"irons_spellbooks:lightning_bottle":10,"minecraft:lectern":4,"minecraft:sugar_cane":8,"minecraft:birch_sapling":6,"irons_spellbooks:inscription_table":8,"minecraft:stick":37,"minecraft:raw_iron":91,"herbology:salt":12,"minecraft:torch":53,"magistuarmory:rusted_heavymace":1,"minecraft:dried_kelp":2,"minecraft:carrot":1,"magistuarmory:rustedcrusader_chestplate":2,"minecraft:goat_horn":4,"minecraft:dark_oak_planks":82,"minecraft:arrow":71,"hogcraft:unicorn_tail_hair":2,"minecraft:rotten_flesh":28,"minecraft:hay_block":5,"minecraft:mutton":24,"minecraft:cobblestone":36,"minecraft:white_wool":7,"minecraft:birch_log":7,"hogcraft:galleon":5,"minecraft:feather":4,"minecraft:potato":1,"minecraft:birch_planks":4,"minecraft:gunpowder":2,"hogcraft:hogwarts_letter":9,"skilltree:gem":5,"minecraft:dirt":1,"minecraft:paper":30,"irons_spellbooks:common_ink":15,"minecraft:red_carpet":34,"minecraft:bone":12,"minecraft:wheat_seeds":14,"minecraft:cobweb":15,"weaponmaster:tutorialbook":8,"minecraft:glass_bottle":4,"minecraft:dark_oak_stairs":1,"minecraft:book":201,"minecraft:dark_oak_slab":2,"minecraft:pumpkin":3,"magistuarmory:rustedchainmail_chestplate":2,"herbology:ember_leaf":2,"minecraft:stone_brick_slab":1,"minecraft:dandelion":1,"minecraft:spruce_log":2,"minecraft:dead_bush":2,"minecraft:dark_oak_log":38,"minecraft:barrel":4,"minecraft:leather_helmet":5,"rpgsmw:class_choose_orb":5,"minecraft:diamond":10,"irons_spellbooks:divine_pearl":8,"herbology:ember_leaf_seed":2,"minecraft:crossbow":9,"minecraft:emerald":31,"minecraft:bread":25,"irons_spellbooks:uncommon_ink":3,"minecraft:black_wool":2,"minecraft:stripped_dark_oak_log":4,"minecraft:coal":40,"irons_spellbooks:scroll":10,"minecraft:wooden_axe":3},"minecraft:dropped":{"minecraft:wheat_seeds":1,"minecraft:stick":1,"hogcraft:galleon":1,"minecraft:wooden_axe":1,"minecraft:wooden_sword":4,"magistuarmory:rusted_heavymace":1,"hogcraft:hogwarts_letter":1,"minecraft:golden_sword":1},"minecraft:custom":{"minecraft:mob_kills":33,"minecraft:interact_with_crafting_table":19,"minecraft:open_barrel":16,"minecraft:bell_ring":7,"minecraft:leave_game":2,"minecraft:time_since_death":648,"minecraft:climb_one_cm":6318,"minecraft:sprint_one_cm":332908,"minecraft:walk_one_cm":261446,"minecraft:drop":11,"minecraft:play_time":83679,"minecraft:deaths":34,"minecraft:sneak_time":4424,"minecraft:walk_under_water_one_cm":600,"minecraft:jump":1335,"minecraft:walk_on_water_one_cm":2488,"minecraft:total_world_time":83679,"minecraft:time_since_rest":672,"minecraft:damage_taken":9968,"minecraft:damage_dealt":8143,"minecraft:swim_one_cm":14604,"minecraft:fly_one_cm":169027,"minecraft:player_kills":7,"minecraft:open_chest":6,"minecraft:crouch_one_cm":15041,"minecraft:fall_one_cm":73007},"minecraft:mined":{"minecraft:dark_oak_planks":3,"minecraft:dark_oak_leaves":18,"minecraft:dark_oak_log":29,"minecraft:potted_dead_bush":1,"minecraft:spruce_leaves":2,"minecraft:hay_block":1,"minecraft:barrel":1,"minecraft:dark_oak_stairs":1,"minecraft:bookshelf":10,"irons_spellbooks:inscription_table":2,"minecraft:stone":25,"herbology:salt_block":5,"minecraft:stripped_dark_oak_log":3,"minecraft:stone_brick_slab":2,"minecraft:dandelion":2,"minecraft:crafting_table":5,"minecraft:poppy":1,"herbology:ember_leaf_plant":1,"minecraft:tall_grass":4,"minecraft:sugar_cane":2,"minecraft:birch_log":4,"minecraft:spruce_log":2,"minecraft:birch_leaves":3,"minecraft:grass":36,"minecraft:coal_ore":40,"minecraft:dirt":1,"minecraft:fern":4},"minecraft:used":{"irons_spellbooks:inscription_table":2,"magistuarmory:rusted_heavymace":2,"minecraft:iron_sword":8,"minecraft:rotten_flesh":2,"minecraft:dirt":1,"minecraft:mutton":6,"minecraft:wooden_axe":60,"minecraft:dark_oak_planks":16,"minecraft:dark_oak_slab":1,"minecraft:barrel":2,"minecraft:golden_sword":12,"minecraft:written_book":1,"rpgsmw:stone_battle_axe":8,"minecraft:pumpkin":1,"minecraft:dark_oak_stairs":1,"minecraft:birch_planks":2,"minecraft:wooden_pickaxe":35,"minecraft:golden_apple":1,"minecraft:crafting_table":9,"minecraft:crossbow":27,"minecraft:chicken":1,"minecraft:bread":1,"minecraft:wooden_sword":2,"minecraft:birch_log":1,"minecraft:golden_pickaxe":41},"minecraft:crafted":{"rpgsmw:woodenfiber":1,"minecraft:dark_oak_planks":104,"minecraft:wheat":9,"minecraft:crafting_table":7,"minecraft:spruce_planks":8,"minecraft:wooden_pickaxe":3,"minecraft:iron_sword":1,"minecraft:birch_planks":12,"minecraft:stone_axe":2,"minecraft:bread":6,"rpgsmw:stone_battle_axe":1,"minecraft:stick":36,"minecraft:iron_ingot":2,"minecraft:wooden_axe":4}},"DataVersion":3465}