{"stats":{"minecraft:crafted":{"vanillaplustools:wooden_hammer":1,"minecraft:smooth_stone":2,"minecraft:oak_planks":12,"minecraft:furnace":1,"minecraft:stone":2,"minecraft:iron_axe":1,"minecraft:stone_pickaxe":1,"stalwart_dungeons:iron_hammer":1,"minecraft:crafting_table":2,"minecraft:spruce_planks":28,"minecraft:wooden_pickaxe":10,"minecraft:mangrove_planks":4,"minecraft:birch_planks":28,"minecraft:air":0,"minecraft:stick":32,"minecraft:iron_ingot":5,"minecraft:iron_pickaxe":1,"minecraft:wooden_axe":1,"tombstone:bone_needle":1},"minecraft:used":{"stalwart_dungeons:iron_hammer":69,"luminousworld:decorative_brown_2":1,"minecraft:wooden_axe":22,"minecraft:iron_axe":28,"minecraft:furnace":1,"tombstone:gift":3,"minecraft:egg":1,"minecraft:cooked_mutton":1,"minecraft:stone_pickaxe":36,"minecraft:mangrove_planks":4,"minecraft:wooden_pickaxe":10,"minecraft:golden_apple":1,"minecraft:crafting_table":3,"minecraft:mushroom_stew":2,"tombstone:bag_of_seeds":1,"minecraft:apple":1,"vanillaplustools:wooden_hammer":8,"minecraft:bread":12,"minecraft:string":1,"minecraft:iron_pickaxe":15,"minecraft:pumpkin_pie":7,"alexsmobs:animal_dictionary":2},"minecraft:dropped":{"minecraft:bread":3,"iceandfire:raw_silver":3,"minecraft:brown_mushroom":1,"minecraft:wheat_seeds":3,"luminousworld:white_petunias":1,"minecraft:dark_oak_slab":1,"minecraft:cobblestone":18,"minecraft:book":9,"minecraft:leather":1,"minecraft:apple":2,"iceandfire:gorgon_head":1,"luminousworld:decorative_brown_mushroom_1":1,"born_in_chaos_v1:pieceofdarkmetal":4,"minecraft:spruce_stairs":1,"minecraft:coal":5,"minecraft:mushroom_stew":3,"minecraft:dirt":2,"minecraft:torch":1,"minecraft:dark_oak_fence":1,"minecraft:mutton":1,"minecraft:wooden_axe":3,"minecraft:potion":7,"minecraft:wither_rose":1,"minecraft:smooth_stone":1,"minecraft:tripwire_hook":1,"minecraft:white_wool":4,"luminousworld:decorative_brown_2":2,"minecraft:spruce_sapling":1,"luminousworld:clovers_1":2,"minecraft:stone_axe":2,"minecraft:sugar_cane":12,"minecraft:coarse_dirt":2,"minecraft:bowl":3,"minecraft:birch_sapling":1,"tombstone:gift":1,"undead_revamp2:arapholia":1,"minecraft:chicken":1,"minecraft:rotten_flesh":16,"minecraft:oak_planks":1,"minecraft:pumpkin_seeds":3,"supplementaries:flax_seeds":3,"minecraft:potato":1,"minecraft:skeleton_skull":1,"minecraft:spruce_planks":2,"luminousworld:groundpebbles_1":2,"iceandfire:silver_ingot":4,"minecraft:barrel":1,"minecraft:bamboo":1,"minecraft:spruce_slab":4,"minecraft:wooden_pickaxe":7,"minecraft:stone_pickaxe":4,"minecraft:beef":2},"minecraft:killed":{"iceandfire:gorgon":1,"born_in_chaos_v1:maggot":2,"minecraft:llama":2,"undead_revamp2:sucker":1,"minecraft:pig":1,"undead_revamp2:the_moonflower":2,"mowziesmobs:umvuthana_follower_raptor":4,"naturalist:catfish":3,"minecraft:zombie":3,"iceandfire:ghost":5,"earthmobsmod:horned_sheep":1,"minecraft:cow":1},"minecraft:custom":{"minecraft:mob_kills":27,"minecraft:interact_with_crafting_table":13,"minecraft:open_barrel":9,"minecraft:damage_dealt_resisted":14,"minecraft:leave_game":4,"minecraft:time_since_death":1580,"minecraft:climb_one_cm":3194,"minecraft:sprint_one_cm":154609,"minecraft:walk_one_cm":123751,"minecraft:drop":88,"minecraft:play_time":62675,"minecraft:deaths":19,"minecraft:sneak_time":1658,"minecraft:walk_under_water_one_cm":8393,"tombstone:tomb_raiding":3,"minecraft:jump":1224,"minecraft:interact_with_blast_furnace":1,"minecraft:walk_on_water_one_cm":23177,"minecraft:total_world_time":62675,"minecraft:interact_with_furnace":7,"minecraft:time_since_rest":1392,"minecraft:damage_taken":2147483647,"minecraft:damage_absorbed":40,"minecraft:trigger_trapped_chest":2,"minecraft:damage_dealt":6990,"minecraft:swim_one_cm":36422,"minecraft:fly_one_cm":187821,"minecraft:player_kills":4,"minecraft:open_chest":7,"minecraft:crouch_one_cm":4084,"tombstone:undead_killed":12,"minecraft:fall_one_cm":34419},"minecraft:killed_by":{"minecraft:husk":3,"minecraft:player":2,"undead_revamp2:the_moonflower":6,"iceandfire:stymphalian_bird":1,"minecraft:skeleton":3,"iceandfire:ghost":2,"earthmobsmod:horned_sheep":1},"minecraft:picked_up":{"minecraft:wooden_axe":4,"minecraft:crafting_table":4,"luminousworld:groundpebbles_1":2,"minecraft:coarse_dirt":2,"minecraft:chicken":2,"luminousworld:decorative_brown_2":3,"minecraft:brown_mushroom":1,"vanillaplustools:wooden_hammer":1,"minecraft:wooden_pickaxe":6,"minecraft:enchanted_book":1,"minecraft:wither_rose":1,"minecraft:potion":3,"minecraft:string":5,"minecraft:spruce_planks":1,"minecraft:beef":2,"minecraft:iron_pickaxe":1,"minecraft:spruce_slab":4,"minecraft:sugar_cane":12,"minecraft:birch_sapling":1,"minecraft:egg":1,"minecraft:furnace":2,"minecraft:stick":8,"minecraft:raw_iron":5,"minecraft:stripped_mangrove_wood":1,"minecraft:torch":1,"minecraft:bowl":1,"minecraft:spruce_stairs":1,"minecraft:porkchop":3,"tombstone:bone_needle":1,"tombstone:grave_dust":2,"born_in_chaos_v1:pieceofdarkmetal":2,"minecraft:carrot":2,"luminousworld:decorative_brown_mushroom_1":1,"minecraft:rotten_flesh":21,"minecraft:pumpkin_pie":1,"minecraft:gold_ingot":17,"minecraft:glistering_melon_slice":5,"minecraft:obsidian":5,"minecraft:mutton":4,"undead_revamp2:arapholia":1,"minecraft:skeleton_skull":3,"minecraft:white_wool":4,"minecraft:cobblestone":172,"minecraft:birch_log":7,"minecraft:feather":13,"minecraft:leather":5,"minecraft:potato":1,"minecraft:birch_planks":9,"minecraft:mushroom_stew":2,"minecraft:oak_log":3,"minecraft:dirt":2,"tombstone:gift":2,"minecraft:cooked_mutton":1,"minecraft:bone":7,"minecraft:apple":2,"stalwart_dungeons:iron_hammer":1,"minecraft:iron_ingot":6,"minecraft:stone_pickaxe":3,"tombstone:bag_of_seeds":1,"luminousworld:white_petunias":1,"minecraft:oak_planks":10,"minecraft:book":9,"minecraft:dark_oak_slab":1,"luminousworld:clovers_1":2,"minecraft:amethyst_shard":3,"minecraft:spruce_sapling":1,"iceandfire:stymphalian_bird_feather":8,"minecraft:spruce_log":7,"alexsmobs:animal_dictionary":1,"minecraft:barrel":1,"minecraft:stone_axe":1,"minecraft:iron_helmet":1,"minecraft:golden_apple":1,"iceandfire:gorgon_head":2,"minecraft:coal":6,"minecraft:dark_oak_fence":1,"iceandfire:raw_silver":6},"minecraft:mined":{"luminousworld:groundpebbles_1":2,"minecraft:spruce_planks":4,"iceandfire:graveyard_soil":1,"iceandfire:silver_ore":2,"luminousworld:grassvariant_4":1,"minecraft:dark_oak_fence":1,"minecraft:grass_block":6,"minecraft:jungle_planks":2,"luminousworld:decorative_brown_mushroom_1":1,"minecraft:spruce_leaves":3,"minecraft:furnace":2,"minecraft:fire":5,"minecraft:iron_ore":5,"minecraft:iron_bars":1,"minecraft:stripped_mangrove_wood":1,"minecraft:stone":91,"luminousworld:decorative_brown_2":1,"minecraft:spruce_slab":4,"minecraft:tripwire":1,"minecraft:brown_mushroom":1,"minecraft:crafting_table":2,"minecraft:jungle_stairs":1,"minecraft:tall_grass":1,"minecraft:sugar_cane":7,"minecraft:oak_planks":4,"minecraft:spruce_stairs":1,"minecraft:coarse_dirt":1,"luminousworld:clovers_1":1,"minecraft:mud":1,"minecraft:birch_log":7,"minecraft:spruce_log":7,"minecraft:birch_leaves":6,"minecraft:wither_rose":1,"minecraft:grass":4,"minecraft:oak_log":3,"minecraft:dirt":10,"luminousworld:grassvariant_3":1,"minecraft:fern":2}},"DataVersion":3465}