{"stats":{"minecraft:killed":{"minecraft:salmon":4,"minecraft:pillager":4},"minecraft:killed_by":{"minecraft:vindicator":1,"minecraft:creeper":1,"minecraft:pillager":1},"minecraft:picked_up":{"minecraft:crafting_table":6,"minecraft:salmon":4,"minecraft:stone_brick_stairs":1,"minecraft:cobblestone_wall":4,"minecraft:cobblestone_stairs":1,"hogcraft:hogwarts_letter":4,"minecraft:iron_axe":1,"minecraft:name_tag":1,"minecraft:orange_terracotta":1,"irons_spellbooks:common_ink":2,"minecraft:apple":1,"minecraft:stone_bricks":11,"minecraft:cracked_stone_bricks":2,"irons_spellbooks:arcane_essence":5,"minecraft:red_sand":3,"minecraft:iron_ingot":1,"weaponmaster:tutorialbook":4,"minecraft:iron_pickaxe":2,"minecraft:powered_rail":2,"minecraft:sugar_cane":8,"minecraft:stick":38,"minecraft:torch":6,"minecraft:mossy_cobblestone":6,"minecraft:dark_oak_planks":17,"rpgsmw:class_choose_orb":1,"minecraft:rotten_flesh":3,"minecraft:beetroot_seeds":2,"minecraft:hay_block":1,"minecraft:terracotta":3,"minecraft:glow_berries":4,"minecraft:melon_seeds":3,"minecraft:stripped_dark_oak_log":3,"minecraft:coal":11,"minecraft:rail":16,"minecraft:cobblestone":12},"minecraft:dropped":{"hogcraft:hogwarts_letter":1,"rpgsmw:class_choose_orb":1},"minecraft:custom":{"minecraft:mob_kills":8,"minecraft:interact_with_crafting_table":6,"minecraft:open_barrel":7,"minecraft:leave_game":2,"minecraft:time_since_death":2749,"minecraft:climb_one_cm":1758,"minecraft:time_since_rest":2798,"minecraft:sprint_one_cm":137511,"minecraft:damage_taken":1486,"minecraft:walk_one_cm":102915,"minecraft:drop":2,"minecraft:damage_dealt":1710,"minecraft:swim_one_cm":15453,"minecraft:fly_one_cm":159451,"minecraft:player_kills":2,"minecraft:crouch_one_cm":4786,"minecraft:play_time":36996,"minecraft:deaths":4,"minecraft:sneak_time":1650,"minecraft:walk_under_water_one_cm":9831,"minecraft:boat_one_cm":41177,"minecraft:jump":815,"minecraft:walk_on_water_one_cm":5224,"minecraft:total_world_time":36996,"minecraft:fall_one_cm":36137},"minecraft:mined":{"minecraft:dark_oak_planks":12,"minecraft:mossy_cobblestone":6,"minecraft:cobblestone_stairs":1,"minecraft:stripped_dark_oak_log":2,"minecraft:crafting_table":5,"minecraft:glow_lichen":1,"minecraft:red_sand":3,"minecraft:dead_bush":11,"minecraft:cobblestone":7,"minecraft:sugar_cane":3,"minecraft:spawner":1,"minecraft:hay_block":1,"minecraft:tall_seagrass":2,"minecraft:cobblestone_wall":5,"minecraft:stone_brick_stairs":1,"minecraft:cracked_stone_bricks":2,"minecraft:stone":5,"minecraft:stone_bricks":9},"minecraft:used":{"minecraft:red_sand":3,"minecraft:salmon":4,"minecraft:torch":3,"minecraft:glow_berries":9,"minecraft:terracotta":3,"minecraft:crafting_table":5,"minecraft:apple":1,"minecraft:iron_axe":25,"minecraft:bread":3,"minecraft:iron_pickaxe":37,"hogcraft:hogwarts_letter":3,"minecraft:leather_helmet":1,"minecraft:stone_bricks":2,"minecraft:dark_oak_boat":1,"minecraft:orange_terracotta":1},"minecraft:crafted":{"minecraft:dark_oak_boat":1,"minecraft:crafting_table":1,"minecraft:bread":3,"minecraft:iron_axe":1,"minecraft:stick":4,"minecraft:iron_pickaxe":1,"minecraft:wheat":9}},"DataVersion":3465}