{"stats":{"minecraft:killed_by":{"mokels_adventure:salamander":6,"mokels_adventure:knight":1},"minecraft:killed":{"mokels_adventure:knight":1,"minecraft:sheep":1,"mokels_adventure:salamander":1,"minecraft:witch":1,"minecraft:chicken":1},"minecraft:picked_up":{"minecraft:wooden_axe":1,"minecraft:stick":4,"minecraft:crafting_table":4,"minecraft:chicken":1,"minecraft:wooden_pickaxe":1,"minecraft:dried_kelp":2,"minecraft:spruce_log":2,"hogcraft:hogwarts_letter":9,"minecraft:dark_oak_log":6,"minecraft:dark_oak_planks":46,"rpgsmw:class_choose_orb":5,"hogcraft:unicorn_tail_hair":2,"minecraft:wheat_seeds":5,"rpgsmw:woodenfiber":4,"minecraft:spruce_planks":2,"weaponmaster:tutorialbook":8,"minecraft:poppy":2,"minecraft:glass_bottle":4},"minecraft:dropped":{"hogcraft:hogwarts_letter":1},"minecraft:custom":{"minecraft:time_since_rest":1311,"minecraft:sprint_one_cm":57532,"minecraft:damage_taken":2408,"minecraft:walk_one_cm":59422,"minecraft:mob_kills":5,"minecraft:drop":1,"minecraft:damage_dealt":2166,"minecraft:interact_with_crafting_table":7,"minecraft:fly_one_cm":22997,"minecraft:player_kills":1,"minecraft:crouch_one_cm":1539,"minecraft:play_time":11949,"minecraft:deaths":7,"minecraft:sneak_time":387,"minecraft:jump":188,"minecraft:leave_game":1,"minecraft:time_since_death":1286,"minecraft:total_world_time":11949,"minecraft:fall_one_cm":6639},"minecraft:mined":{"minecraft:dark_oak_leaves":13,"minecraft:spruce_log":2,"minecraft:dark_oak_log":4,"minecraft:crafting_table":2,"minecraft:grass":7,"minecraft:poppy":1,"minecraft:tall_grass":1,"minecraft:fern":4},"minecraft:used":{"minecraft:wooden_axe":15,"minecraft:chicken":1,"minecraft:crafting_table":2},"minecraft:crafted":{"minecraft:crafting_table":1,"minecraft:stick":8,"minecraft:spruce_planks":8,"minecraft:wooden_pickaxe":1,"minecraft:wooden_axe":1,"minecraft:dark_oak_planks":24,"rpgsmw:woodenfiber":1}},"DataVersion":3465}