{"stats":{"minecraft:crafted":{"vanillaplustools:wooden_hammer":1,"minecraft:smooth_stone":2,"minecraft:oak_planks":12,"minecraft:furnace":1,"minecraft:stone":2,"minecraft:iron_axe":1,"minecraft:stone_pickaxe":1,"stalwart_dungeons:iron_hammer":1,"minecraft:crafting_table":2,"minecraft:spruce_planks":28,"minecraft:wooden_pickaxe":10,"minecraft:mangrove_planks":4,"minecraft:birch_planks":28,"minecraft:air":0,"minecraft:stick":32,"minecraft:iron_ingot":5,"minecraft:iron_pickaxe":1,"minecraft:wooden_axe":1,"tombstone:bone_needle":1},"minecraft:used":{"stalwart_dungeons:iron_hammer":29,"luminousworld:decorative_brown_2":1,"minecraft:wooden_axe":17,"minecraft:iron_axe":28,"minecraft:furnace":1,"tombstone:gift":2,"minecraft:egg":1,"minecraft:cooked_mutton":1,"minecraft:stone_pickaxe":36,"minecraft:mangrove_planks":4,"minecraft:wooden_pickaxe":10,"minecraft:golden_apple":1,"minecraft:crafting_table":3,"minecraft:mushroom_stew":2,"tombstone:bag_of_seeds":1,"minecraft:apple":1,"vanillaplustools:wooden_hammer":1,"minecraft:bread":9,"minecraft:string":1,"minecraft:iron_pickaxe":9,"minecraft:pumpkin_pie":6},"minecraft:dropped":{"minecraft:bread":3,"minecraft:brown_mushroom":1,"minecraft:wheat_seeds":3,"minecraft:leather":1,"luminousworld:decorative_brown_mushroom_1":1,"minecraft:mushroom_stew":2,"minecraft:dirt":1,"minecraft:dark_oak_fence":1,"minecraft:mutton":1,"minecraft:potion":7,"minecraft:smooth_stone":1,"minecraft:white_wool":2,"luminousworld:decorative_brown_2":2,"luminousworld:clovers_1":1,"minecraft:coarse_dirt":1,"minecraft:bowl":3,"undead_revamp2:arapholia":1,"minecraft:chicken":1,"minecraft:rotten_flesh":6,"minecraft:oak_planks":1,"minecraft:pumpkin_seeds":3,"supplementaries:flax_seeds":3,"minecraft:potato":1,"minecraft:spruce_planks":2,"luminousworld:groundpebbles_1":2,"minecraft:bamboo":1,"minecraft:spruce_slab":4,"minecraft:wooden_pickaxe":6,"minecraft:stone_pickaxe":3,"minecraft:beef":2},"minecraft:killed":{"born_in_chaos_v1:maggot":2,"minecraft:llama":2,"undead_revamp2:sucker":1,"minecraft:pig":1,"undead_revamp2:the_moonflower":1,"mowziesmobs:umvuthana_follower_raptor":4,"naturalist:catfish":3,"minecraft:zombie":3,"iceandfire:ghost":4,"earthmobsmod:horned_sheep":1,"minecraft:cow":1},"minecraft:custom":{"minecraft:mob_kills":24,"minecraft:interact_with_crafting_table":13,"minecraft:open_barrel":9,"minecraft:damage_dealt_resisted":14,"minecraft:leave_game":4,"minecraft:time_since_death":194,"minecraft:climb_one_cm":3037,"minecraft:sprint_one_cm":132573,"minecraft:walk_one_cm":98912,"minecraft:drop":54,"minecraft:play_time":50675,"minecraft:deaths":16,"minecraft:sneak_time":1421,"minecraft:walk_under_water_one_cm":5149,"minecraft:jump":1032,"minecraft:interact_with_blast_furnace":1,"minecraft:walk_on_water_one_cm":16194,"minecraft:total_world_time":50675,"minecraft:interact_with_furnace":7,"minecraft:time_since_rest":1,"minecraft:damage_taken":5336,"minecraft:damage_absorbed":40,"minecraft:trigger_trapped_chest":2,"minecraft:damage_dealt":3666,"minecraft:swim_one_cm":27437,"minecraft:fly_one_cm":152482,"minecraft:player_kills":1,"minecraft:open_chest":7,"minecraft:crouch_one_cm":3634,"tombstone:undead_killed":9,"minecraft:fall_one_cm":30567},"minecraft:killed_by":{"minecraft:husk":3,"undead_revamp2:the_moonflower":6,"minecraft:skeleton":3,"iceandfire:ghost":2,"earthmobsmod:horned_sheep":1},"minecraft:picked_up":{"minecraft:crafting_table":2,"luminousworld:groundpebbles_1":2,"minecraft:coarse_dirt":2,"minecraft:chicken":1,"luminousworld:decorative_brown_2":3,"minecraft:brown_mushroom":1,"minecraft:wooden_pickaxe":5,"minecraft:wither_rose":1,"minecraft:potion":3,"minecraft:string":3,"minecraft:spruce_planks":1,"minecraft:beef":2,"minecraft:spruce_slab":4,"minecraft:sugar_cane":12,"minecraft:egg":1,"minecraft:furnace":1,"minecraft:stick":3,"minecraft:raw_iron":5,"minecraft:stripped_mangrove_wood":1,"minecraft:bowl":1,"minecraft:spruce_stairs":1,"minecraft:porkchop":3,"luminousworld:decorative_brown_mushroom_1":1,"minecraft:rotten_flesh":6,"minecraft:pumpkin_pie":1,"minecraft:mutton":1,"undead_revamp2:arapholia":1,"minecraft:skeleton_skull":2,"minecraft:white_wool":2,"minecraft:cobblestone":24,"minecraft:birch_log":7,"minecraft:feather":4,"minecraft:leather":3,"minecraft:potato":1,"minecraft:mushroom_stew":1,"minecraft:oak_log":3,"minecraft:dirt":2,"minecraft:cooked_mutton":1,"minecraft:bone":1,"minecraft:stone_pickaxe":2,"tombstone:bag_of_seeds":1,"minecraft:oak_planks":4,"luminousworld:clovers_1":1,"minecraft:spruce_sapling":1,"minecraft:spruce_log":7,"minecraft:golden_apple":1,"minecraft:coal":6,"minecraft:dark_oak_fence":1},"minecraft:mined":{"luminousworld:groundpebbles_1":2,"minecraft:spruce_planks":4,"iceandfire:graveyard_soil":1,"luminousworld:grassvariant_4":1,"minecraft:dark_oak_fence":1,"minecraft:grass_block":6,"minecraft:jungle_planks":2,"luminousworld:decorative_brown_mushroom_1":1,"minecraft:spruce_leaves":3,"minecraft:furnace":2,"minecraft:fire":5,"minecraft:iron_ore":5,"minecraft:iron_bars":1,"minecraft:stripped_mangrove_wood":1,"minecraft:stone":25,"luminousworld:decorative_brown_2":1,"minecraft:spruce_slab":4,"minecraft:tripwire":1,"minecraft:brown_mushroom":1,"minecraft:crafting_table":2,"minecraft:jungle_stairs":1,"minecraft:tall_grass":1,"minecraft:sugar_cane":7,"minecraft:oak_planks":4,"minecraft:spruce_stairs":1,"minecraft:coarse_dirt":1,"luminousworld:clovers_1":1,"minecraft:mud":1,"minecraft:birch_log":7,"minecraft:spruce_log":7,"minecraft:birch_leaves":6,"minecraft:wither_rose":1,"minecraft:grass":4,"minecraft:oak_log":3,"minecraft:dirt":10,"luminousworld:grassvariant_3":1,"minecraft:fern":2}},"DataVersion":3465}