{"stats":{"minecraft:crafted":{"minecraft:smooth_stone":2,"minecraft:oak_planks":12,"minecraft:crafting_table":2,"minecraft:wooden_pickaxe":1,"minecraft:furnace":1,"minecraft:stone":2,"minecraft:mangrove_planks":4,"minecraft:birch_planks":28,"minecraft:air":0,"minecraft:iron_axe":1,"minecraft:stick":12,"minecraft:iron_ingot":5,"minecraft:iron_pickaxe":1,"minecraft:stone_pickaxe":1,"minecraft:wooden_axe":1,"stalwart_dungeons:iron_hammer":1,"tombstone:bone_needle":1},"minecraft:used":{"minecraft:cooked_mutton":1,"minecraft:stone_pickaxe":36,"minecraft:mangrove_planks":4,"minecraft:wooden_pickaxe":10,"minecraft:golden_apple":1,"luminousworld:decorative_brown_2":1,"minecraft:crafting_table":3,"minecraft:mushroom_stew":2,"tombstone:bag_of_seeds":1,"minecraft:wooden_axe":17,"minecraft:apple":1,"minecraft:iron_axe":10,"minecraft:iron_pickaxe":3,"minecraft:string":1,"minecraft:bread":2,"minecraft:furnace":1,"tombstone:gift":2,"minecraft:pumpkin_pie":6,"minecraft:egg":1},"minecraft:dropped":{"minecraft:bread":3,"minecraft:bowl":3,"undead_revamp2:arapholia":1,"minecraft:rotten_flesh":2,"minecraft:oak_planks":1,"luminousworld:decorative_brown_mushroom_1":1,"minecraft:pumpkin_seeds":3,"minecraft:potato":1,"supplementaries:flax_seeds":3,"minecraft:dark_oak_fence":1,"luminousworld:groundpebbles_1":2,"minecraft:potion":7,"minecraft:bamboo":1,"minecraft:stone_pickaxe":3,"minecraft:wooden_pickaxe":2,"luminousworld:decorative_brown_2":2,"luminousworld:clovers_1":1},"minecraft:killed":{"minecraft:pig":1,"undead_revamp2:the_moonflower":1,"mowziesmobs:umvuthana_follower_raptor":4,"minecraft:zombie":1,"iceandfire:ghost":1,"earthmobsmod:horned_sheep":1,"undead_revamp2:sucker":1,"minecraft:cow":1},"minecraft:custom":{"minecraft:interact_with_furnace":6,"minecraft:mob_kills":12,"minecraft:interact_with_crafting_table":10,"minecraft:open_barrel":9,"minecraft:damage_dealt_resisted":14,"minecraft:leave_game":4,"minecraft:time_since_death":6753,"minecraft:climb_one_cm":1096,"minecraft:time_since_rest":6487,"minecraft:damage_absorbed":40,"minecraft:sprint_one_cm":96624,"minecraft:damage_taken":4505,"minecraft:walk_one_cm":74283,"minecraft:drop":33,"minecraft:damage_dealt":1448,"minecraft:swim_one_cm":15802,"minecraft:fly_one_cm":113028,"minecraft:open_chest":7,"minecraft:crouch_one_cm":3157,"minecraft:play_time":38675,"tombstone:undead_killed":4,"minecraft:deaths":14,"minecraft:sneak_time":1065,"minecraft:walk_under_water_one_cm":2765,"minecraft:jump":784,"minecraft:interact_with_blast_furnace":1,"minecraft:walk_on_water_one_cm":6436,"minecraft:total_world_time":38675,"minecraft:fall_one_cm":25150},"minecraft:killed_by":{"minecraft:husk":3,"undead_revamp2:the_moonflower":6,"minecraft:skeleton":3,"earthmobsmod:horned_sheep":1},"minecraft:picked_up":{"minecraft:birch_log":7,"luminousworld:groundpebbles_1":2,"minecraft:crafting_table":1,"minecraft:feather":4,"luminousworld:decorative_brown_2":3,"minecraft:chicken":1,"minecraft:leather":1,"minecraft:wooden_pickaxe":1,"minecraft:potato":1,"minecraft:potion":3,"minecraft:oak_log":3,"minecraft:string":3,"minecraft:cooked_mutton":1,"minecraft:bone":1,"minecraft:stone_pickaxe":2,"minecraft:beef":2,"tombstone:bag_of_seeds":1,"minecraft:sugar_cane":10,"minecraft:egg":1,"minecraft:stick":2,"minecraft:raw_iron":5,"minecraft:stripped_mangrove_wood":1,"luminousworld:clovers_1":1,"minecraft:bowl":1,"minecraft:porkchop":3,"minecraft:spruce_log":7,"luminousworld:decorative_brown_mushroom_1":1,"minecraft:rotten_flesh":6,"minecraft:pumpkin_pie":1,"minecraft:golden_apple":1,"undead_revamp2:arapholia":1,"minecraft:dark_oak_fence":1,"minecraft:mutton":1,"minecraft:coal":6,"minecraft:skeleton_skull":1,"minecraft:white_wool":1,"minecraft:cobblestone":18},"minecraft:mined":{"luminousworld:groundpebbles_1":2,"luminousworld:grassvariant_4":1,"minecraft:crafting_table":1,"minecraft:dark_oak_fence":1,"luminousworld:decorative_brown_mushroom_1":1,"minecraft:spruce_leaves":3,"minecraft:sugar_cane":5,"luminousworld:clovers_1":1,"minecraft:furnace":1,"minecraft:birch_log":7,"minecraft:iron_ore":5,"minecraft:fire":5,"minecraft:spruce_log":7,"minecraft:birch_leaves":6,"minecraft:grass":2,"minecraft:oak_log":3,"luminousworld:grassvariant_3":1,"luminousworld:decorative_brown_2":1,"minecraft:stone":19,"minecraft:stripped_mangrove_wood":1,"minecraft:tripwire":1}},"DataVersion":3465}