{"stats":{"minecraft:killed":{"mokels_adventure:salamander":1,"minecraft:witch":1,"minecraft:spider":1,"mokels_adventure:knight":1,"minecraft:sheep":3,"minecraft:skeleton":1,"minecraft:zombie":6,"minecraft:chicken":2},"minecraft:killed_by":{"mokels_adventure:salamander":6,"minecraft:skeleton":6,"minecraft:creeper":1,"mokels_adventure:knight":1,"minecraft:zombie":1},"minecraft:picked_up":{"minecraft:wooden_axe":3,"minecraft:crafting_table":9,"minecraft:feather":4,"hogcraft:galleon":1,"minecraft:chicken":3,"minecraft:wooden_pickaxe":2,"minecraft:potato":1,"hogcraft:hogwarts_letter":9,"skilltree:gem":1,"minecraft:string":4,"minecraft:bone":8,"minecraft:wheat_seeds":7,"rpgsmw:woodenfiber":4,"minecraft:spruce_planks":2,"weaponmaster:tutorialbook":8,"minecraft:poppy":2,"minecraft:glass_bottle":4,"minecraft:sugar_cane":8,"minecraft:stick":4,"magistuarmory:rustedchainmail_chestplate":2,"herbology:salt":12,"minecraft:dried_kelp":2,"minecraft:spruce_log":2,"minecraft:dark_oak_log":30,"magistuarmory:rustedcrusader_chestplate":1,"minecraft:dark_oak_planks":66,"rpgsmw:class_choose_orb":5,"minecraft:arrow":2,"hogcraft:unicorn_tail_hair":2,"minecraft:rotten_flesh":5,"minecraft:mutton":8,"minecraft:coal":6,"minecraft:white_wool":5,"minecraft:cobblestone":25},"minecraft:dropped":{"hogcraft:hogwarts_letter":1,"minecraft:wooden_axe":1},"minecraft:custom":{"minecraft:mob_kills":16,"minecraft:interact_with_crafting_table":12,"minecraft:leave_game":1,"minecraft:time_since_death":3267,"minecraft:time_since_rest":3293,"minecraft:sprint_one_cm":124307,"minecraft:damage_taken":4708,"minecraft:walk_one_cm":114548,"minecraft:drop":2,"minecraft:damage_dealt":4283,"minecraft:swim_one_cm":11468,"minecraft:fly_one_cm":69090,"minecraft:player_kills":1,"minecraft:crouch_one_cm":6873,"minecraft:play_time":35949,"minecraft:deaths":15,"minecraft:sneak_time":2213,"minecraft:walk_under_water_one_cm":439,"minecraft:jump":519,"minecraft:walk_on_water_one_cm":1601,"minecraft:total_world_time":35949,"minecraft:fall_one_cm":42916},"minecraft:mined":{"herbology:salt_block":5,"minecraft:dark_oak_leaves":13,"minecraft:dark_oak_log":20,"minecraft:crafting_table":4,"minecraft:poppy":1,"minecraft:tall_grass":1,"minecraft:sugar_cane":2,"minecraft:spruce_log":2,"minecraft:grass":13,"minecraft:coal_ore":6,"minecraft:stone":14,"minecraft:fern":4},"minecraft:used":{"minecraft:wooden_pickaxe":29,"minecraft:rotten_flesh":2,"minecraft:mutton":3,"minecraft:crafting_table":4,"minecraft:wooden_axe":50,"minecraft:chicken":1,"rpgsmw:stone_battle_axe":8},"minecraft:crafted":{"minecraft:crafting_table":3,"minecraft:spruce_planks":8,"minecraft:wooden_pickaxe":2,"minecraft:stone_axe":2,"rpgsmw:stone_battle_axe":1,"minecraft:stick":20,"minecraft:wooden_axe":2,"rpgsmw:woodenfiber":1,"minecraft:dark_oak_planks":56}},"DataVersion":3465}