{"stats":{"minecraft:killed":{"mokels_adventure:salamander":1,"minecraft:witch":1,"minecraft:spider":3,"mokels_adventure:knight":1,"minecraft:sheep":7,"minecraft:skeleton":1,"minecraft:zombie":7,"minecraft:chicken":2},"minecraft:killed_by":{"mokels_adventure:salamander":6,"minecraft:player":3,"minecraft:skeleton":7,"minecraft:creeper":1,"mokels_adventure:knight":1,"minecraft:spider":1,"minecraft:zombie":1},"minecraft:picked_up":{"minecraft:wooden_axe":3,"minecraft:birch_log":3,"minecraft:crafting_table":10,"minecraft:feather":4,"hogcraft:galleon":3,"minecraft:chicken":4,"minecraft:wooden_pickaxe":2,"minecraft:potato":1,"hogcraft:hogwarts_letter":9,"skilltree:gem":1,"minecraft:string":5,"minecraft:wooden_sword":4,"minecraft:bone":8,"minecraft:wheat_seeds":14,"rpgsmw:woodenfiber":4,"minecraft:spruce_planks":2,"weaponmaster:tutorialbook":8,"minecraft:poppy":2,"minecraft:light_gray_wool":1,"minecraft:glass_bottle":4,"minecraft:sugar_cane":8,"minecraft:stick":4,"magistuarmory:rustedchainmail_chestplate":2,"herbology:salt":12,"minecraft:dandelion":1,"magistuarmory:rusted_heavymace":1,"minecraft:dried_kelp":2,"minecraft:spruce_log":2,"minecraft:dark_oak_log":30,"magistuarmory:rustedcrusader_chestplate":1,"minecraft:dark_oak_planks":66,"rpgsmw:class_choose_orb":5,"minecraft:arrow":2,"hogcraft:unicorn_tail_hair":2,"minecraft:rotten_flesh":7,"minecraft:black_wool":2,"minecraft:stripped_dark_oak_log":1,"minecraft:mutton":18,"minecraft:coal":6,"minecraft:white_wool":7,"minecraft:cobblestone":25},"minecraft:dropped":{"minecraft:wheat_seeds":1,"magistuarmory:rusted_heavymace":1,"hogcraft:hogwarts_letter":1,"hogcraft:galleon":1,"minecraft:wooden_axe":1,"minecraft:wooden_sword":3},"minecraft:custom":{"minecraft:mob_kills":23,"minecraft:interact_with_crafting_table":13,"minecraft:leave_game":1,"minecraft:time_since_death":6427,"minecraft:time_since_rest":6453,"minecraft:sprint_one_cm":218487,"minecraft:damage_taken":5947,"minecraft:walk_one_cm":171899,"minecraft:drop":8,"minecraft:damage_dealt":6124,"minecraft:swim_one_cm":12776,"minecraft:fly_one_cm":113194,"minecraft:player_kills":4,"minecraft:crouch_one_cm":7822,"minecraft:play_time":47949,"minecraft:deaths":20,"minecraft:sneak_time":2480,"minecraft:walk_under_water_one_cm":490,"minecraft:jump":803,"minecraft:walk_on_water_one_cm":2320,"minecraft:total_world_time":47949,"minecraft:fall_one_cm":51513},"minecraft:mined":{"herbology:salt_block":5,"minecraft:dark_oak_leaves":13,"minecraft:dark_oak_log":20,"minecraft:dandelion":2,"minecraft:crafting_table":5,"minecraft:poppy":1,"minecraft:tall_grass":4,"minecraft:spruce_leaves":2,"minecraft:sugar_cane":2,"minecraft:birch_log":3,"minecraft:spruce_log":2,"minecraft:birch_leaves":2,"minecraft:grass":36,"minecraft:coal_ore":6,"minecraft:stone":14,"minecraft:fern":4},"minecraft:used":{"magistuarmory:rusted_heavymace":2,"minecraft:birch_planks":2,"minecraft:wooden_pickaxe":29,"minecraft:rotten_flesh":2,"minecraft:mutton":6,"minecraft:crafting_table":6,"minecraft:wooden_axe":53,"minecraft:chicken":1,"minecraft:wooden_sword":2,"rpgsmw:stone_battle_axe":8},"minecraft:crafted":{"minecraft:crafting_table":4,"minecraft:spruce_planks":8,"minecraft:wooden_pickaxe":2,"minecraft:birch_planks":12,"minecraft:stone_axe":2,"rpgsmw:stone_battle_axe":1,"minecraft:stick":28,"minecraft:wooden_axe":3,"rpgsmw:woodenfiber":1,"minecraft:dark_oak_planks":60}},"DataVersion":3465}