{"stats":{"minecraft:killed_by":{"minecraft:creeper":1,"minecraft:pillager":1},"minecraft:killed":{"minecraft:pillager":4,"minecraft:salmon":4},"minecraft:picked_up":{"minecraft:stick":38,"minecraft:crafting_table":6,"minecraft:salmon":4,"minecraft:torch":6,"hogcraft:hogwarts_letter":3,"minecraft:mossy_cobblestone":4,"minecraft:dark_oak_planks":17,"minecraft:iron_axe":1,"minecraft:name_tag":1,"rpgsmw:class_choose_orb":1,"minecraft:orange_terracotta":1,"irons_spellbooks:common_ink":2,"minecraft:rotten_flesh":2,"minecraft:beetroot_seeds":2,"irons_spellbooks:arcane_essence":2,"minecraft:red_sand":3,"minecraft:hay_block":1,"minecraft:iron_ingot":1,"weaponmaster:tutorialbook":4,"minecraft:iron_pickaxe":1,"minecraft:terracotta":3,"minecraft:glow_berries":4,"minecraft:sugar_cane":8,"minecraft:stripped_dark_oak_log":2,"minecraft:coal":11,"minecraft:cobblestone":7,"minecraft:rail":16},"minecraft:dropped":{"rpgsmw:class_choose_orb":1,"hogcraft:hogwarts_letter":1},"minecraft:custom":{"minecraft:time_since_rest":6134,"minecraft:sprint_one_cm":125085,"minecraft:damage_taken":1175,"minecraft:walk_one_cm":85841,"minecraft:mob_kills":8,"minecraft:drop":2,"minecraft:damage_dealt":1593,"minecraft:open_barrel":3,"minecraft:player_kills":2,"minecraft:swim_one_cm":15453,"minecraft:interact_with_crafting_table":6,"minecraft:fly_one_cm":142143,"minecraft:crouch_one_cm":3574,"minecraft:play_time":30644,"minecraft:deaths":3,"minecraft:sneak_time":879,"minecraft:walk_under_water_one_cm":9831,"minecraft:boat_one_cm":41177,"minecraft:jump":717,"minecraft:leave_game":1,"minecraft:walk_on_water_one_cm":5224,"minecraft:time_since_death":6103,"minecraft:total_world_time":30644,"minecraft:climb_one_cm":1002,"minecraft:fall_one_cm":32998},"minecraft:mined":{"minecraft:dark_oak_planks":12,"minecraft:hay_block":1,"minecraft:tall_seagrass":2,"minecraft:mossy_cobblestone":4,"minecraft:stripped_dark_oak_log":2,"minecraft:crafting_table":5,"minecraft:glow_lichen":1,"minecraft:red_sand":3,"minecraft:dead_bush":11,"minecraft:cobblestone":7,"minecraft:sugar_cane":3,"minecraft:spawner":1},"minecraft:used":{"minecraft:red_sand":3,"minecraft:iron_axe":24,"minecraft:bread":3,"minecraft:iron_pickaxe":12,"hogcraft:hogwarts_letter":3,"minecraft:salmon":4,"minecraft:torch":3,"minecraft:terracotta":3,"minecraft:dark_oak_boat":1,"minecraft:crafting_table":5,"minecraft:orange_terracotta":1},"minecraft:crafted":{"minecraft:iron_axe":1,"minecraft:dark_oak_boat":1,"minecraft:crafting_table":1,"minecraft:stick":4,"minecraft:iron_pickaxe":1,"minecraft:bread":3,"minecraft:wheat":9}},"DataVersion":3465}