{"stats":{"minecraft:killed":{"minecraft:evoker":1,"mokels_adventure:salamander":1,"minecraft:witch":1,"minecraft:vindicator":2,"minecraft:spider":3,"mokels_adventure:knight":1,"minecraft:sheep":7,"minecraft:skeleton":1,"minecraft:pillager":1,"minecraft:zombie":7,"minecraft:chicken":2},"minecraft:killed_by":{"minecraft:vindicator":2,"mokels_adventure:salamander":6,"minecraft:player":3,"minecraft:skeleton":7,"minecraft:creeper":1,"mokels_adventure:knight":1,"minecraft:spider":1,"minecraft:zombie":1,"irons_spellbooks:archevoker":3,"minecraft:ravager":1,"minecraft:vex":5},"minecraft:picked_up":{"minecraft:wooden_axe":3,"minecraft:birch_log":6,"minecraft:crafting_table":10,"minecraft:wheat":56,"minecraft:feather":4,"hogcraft:galleon":3,"minecraft:chicken":4,"minecraft:wooden_pickaxe":2,"minecraft:potato":1,"minecraft:birch_planks":4,"hogcraft:hogwarts_letter":9,"skilltree:gem":1,"minecraft:dirt":1,"minecraft:string":11,"minecraft:paper":30,"minecraft:wooden_sword":5,"irons_spellbooks:common_ink":15,"minecraft:experience_bottle":15,"minecraft:red_carpet":34,"minecraft:bone":8,"irons_spellbooks:arcane_essence":130,"minecraft:wheat_seeds":14,"rpgsmw:woodenfiber":4,"minecraft:spruce_planks":2,"minecraft:cobweb":15,"minecraft:written_book":6,"weaponmaster:tutorialbook":8,"minecraft:lectern":4,"minecraft:poppy":2,"minecraft:light_gray_wool":1,"minecraft:glass_bottle":4,"irons_spellbooks:lightning_bottle":10,"minecraft:sugar_cane":8,"irons_spellbooks:inscription_table":5,"minecraft:birch_sapling":6,"minecraft:dark_oak_stairs":1,"minecraft:dark_oak_slab":2,"minecraft:book":201,"minecraft:raw_iron":91,"minecraft:stick":37,"minecraft:pumpkin":3,"magistuarmory:rustedchainmail_chestplate":2,"herbology:salt":12,"minecraft:torch":53,"minecraft:dandelion":1,"magistuarmory:rusted_heavymace":1,"minecraft:dried_kelp":2,"minecraft:dead_bush":2,"minecraft:spruce_log":2,"minecraft:goat_horn":4,"minecraft:dark_oak_log":38,"magistuarmory:rustedcrusader_chestplate":1,"minecraft:leather_helmet":5,"minecraft:barrel":4,"minecraft:dark_oak_planks":82,"rpgsmw:class_choose_orb":5,"minecraft:arrow":59,"hogcraft:unicorn_tail_hair":2,"minecraft:rotten_flesh":27,"minecraft:diamond":10,"irons_spellbooks:divine_pearl":8,"minecraft:crossbow":9,"minecraft:hay_block":5,"minecraft:bread":25,"minecraft:emerald":31,"irons_spellbooks:uncommon_ink":3,"irons_spellbooks:scroll":9,"minecraft:black_wool":2,"minecraft:stripped_dark_oak_log":4,"minecraft:mutton":24,"minecraft:coal":6,"minecraft:white_wool":7,"minecraft:cobblestone":25},"minecraft:dropped":{"minecraft:wheat_seeds":1,"magistuarmory:rusted_heavymace":1,"hogcraft:hogwarts_letter":1,"hogcraft:galleon":1,"minecraft:wooden_axe":1,"minecraft:wooden_sword":3},"minecraft:custom":{"minecraft:mob_kills":27,"minecraft:interact_with_crafting_table":16,"minecraft:open_barrel":16,"minecraft:bell_ring":7,"minecraft:leave_game":1,"minecraft:time_since_death":2470,"minecraft:climb_one_cm":6266,"minecraft:time_since_rest":2532,"minecraft:sprint_one_cm":293422,"minecraft:damage_taken":9402,"minecraft:walk_one_cm":244618,"minecraft:drop":8,"minecraft:damage_dealt":6745,"minecraft:swim_one_cm":12776,"minecraft:fly_one_cm":146526,"minecraft:player_kills":7,"minecraft:open_chest":5,"minecraft:crouch_one_cm":12447,"minecraft:play_time":71949,"minecraft:deaths":32,"minecraft:sneak_time":4005,"minecraft:walk_under_water_one_cm":490,"minecraft:jump":1178,"minecraft:walk_on_water_one_cm":2320,"minecraft:total_world_time":71949,"minecraft:fall_one_cm":68236},"minecraft:mined":{"herbology:salt_block":5,"minecraft:dark_oak_leaves":18,"minecraft:stripped_dark_oak_log":3,"minecraft:dark_oak_log":29,"minecraft:dandelion":2,"minecraft:crafting_table":5,"minecraft:potted_dead_bush":1,"minecraft:poppy":1,"minecraft:tall_grass":4,"minecraft:spruce_leaves":2,"minecraft:sugar_cane":2,"minecraft:hay_block":1,"minecraft:birch_log":4,"minecraft:barrel":1,"minecraft:spruce_log":2,"minecraft:birch_leaves":3,"minecraft:dark_oak_stairs":1,"minecraft:grass":36,"minecraft:bookshelf":10,"minecraft:coal_ore":6,"minecraft:dirt":1,"minecraft:stone":14,"minecraft:fern":4,"minecraft:dark_oak_planks":3},"minecraft:used":{"minecraft:dark_oak_stairs":1,"magistuarmory:rusted_heavymace":2,"minecraft:birch_planks":2,"minecraft:wooden_pickaxe":29,"minecraft:rotten_flesh":2,"minecraft:dirt":1,"minecraft:mutton":6,"minecraft:crafting_table":8,"minecraft:crossbow":27,"minecraft:dark_oak_planks":16,"minecraft:wooden_axe":56,"minecraft:bread":1,"minecraft:chicken":1,"minecraft:dark_oak_slab":1,"minecraft:barrel":2,"minecraft:wooden_sword":2,"minecraft:written_book":1,"rpgsmw:stone_battle_axe":8,"minecraft:birch_log":1,"minecraft:pumpkin":1},"minecraft:crafted":{"minecraft:crafting_table":6,"minecraft:spruce_planks":8,"minecraft:wooden_pickaxe":2,"minecraft:birch_planks":12,"minecraft:stone_axe":2,"minecraft:bread":6,"rpgsmw:stone_battle_axe":1,"minecraft:stick":36,"minecraft:wooden_axe":4,"rpgsmw:woodenfiber":1,"minecraft:dark_oak_planks":104,"minecraft:wheat":9}},"DataVersion":3465}