{"stats":{"minecraft:crafted":{"vanillaplustools:wooden_hammer":1,"minecraft:smooth_stone":2,"minecraft:oak_planks":52,"minecraft:furnace":1,"minecraft:stone":2,"minecraft:iron_axe":1,"minecraft:stone_pickaxe":3,"stalwart_dungeons:iron_hammer":1,"minecraft:crafting_table":3,"minecraft:spruce_planks":28,"minecraft:wooden_pickaxe":11,"minecraft:mangrove_planks":4,"minecraft:birch_planks":28,"minecraft:air":0,"minecraft:stick":40,"minecraft:iron_pickaxe":1,"minecraft:iron_ingot":5,"minecraft:wooden_axe":1,"tombstone:bone_needle":1},"minecraft:used":{"luminousworld:decorative_brown_2":1,"minecraft:dirt":4,"minecraft:wooden_axe":22,"tombstone:tablet_of_cupidity":1,"minecraft:iron_axe":28,"minecraft:furnace":1,"tombstone:gift":3,"minecraft:egg":1,"minecraft:cooked_mutton":1,"minecraft:birch_planks":6,"minecraft:stone_pickaxe":93,"minecraft:mangrove_planks":4,"minecraft:wooden_pickaxe":16,"minecraft:golden_apple":1,"minecraft:crafting_table":4,"minecraft:mushroom_stew":2,"tombstone:bag_of_seeds":1,"minecraft:apple":1,"vanillaplustools:wooden_hammer":8,"minecraft:string":1,"minecraft:iron_pickaxe":49,"minecraft:bread":15,"minecraft:cobblestone":53,"minecraft:pumpkin_pie":10,"alexsmobs:animal_dictionary":2,"stalwart_dungeons:iron_hammer":125},"minecraft:dropped":{"minecraft:bread":3,"iceandfire:raw_silver":3,"minecraft:brown_mushroom":1,"minecraft:wheat_seeds":3,"minecraft:polished_blackstone":1,"luminousworld:white_petunias":1,"minecraft:crafting_table":3,"minecraft:dark_oak_slab":1,"minecraft:cobblestone":22,"minecraft:book":9,"minecraft:leather":1,"minecraft:apple":2,"iceandfire:gorgon_head":1,"luminousworld:decorative_brown_mushroom_1":1,"born_in_chaos_v1:pieceofdarkmetal":5,"minecraft:spruce_stairs":1,"minecraft:coal":5,"minecraft:mushroom_stew":3,"minecraft:polished_andesite":5,"minecraft:stick":4,"minecraft:dirt":6,"minecraft:torch":1,"minecraft:dark_oak_fence":1,"minecraft:mutton":1,"minecraft:wooden_axe":3,"tombstone:grave_dust":2,"minecraft:potion":11,"tombstone:bone_needle":1,"minecraft:wither_rose":1,"minecraft:polished_blackstone_bricks":6,"minecraft:smooth_stone":1,"minecraft:tripwire_hook":1,"minecraft:white_wool":4,"luminousworld:clovers_1":2,"luminousworld:decorative_brown_2":2,"minecraft:spruce_sapling":1,"minecraft:stone_axe":2,"minecraft:sugar_cane":12,"minecraft:coarse_dirt":2,"minecraft:bowl":3,"alexscaves:cave_tablet":1,"minecraft:birch_sapling":1,"minecraft:wheat":4,"undead_revamp2:arapholia":1,"tombstone:gift":1,"minecraft:chicken":2,"minecraft:rotten_flesh":16,"minecraft:oak_planks":30,"minecraft:pumpkin_seeds":3,"supplementaries:flax_seeds":3,"minecraft:potato":1,"artifacts:helium_flamingo":1,"minecraft:skeleton_skull":1,"minecraft:spruce_planks":2,"minecraft:andesite":4,"luminousworld:groundpebbles_1":2,"iceandfire:silver_ingot":4,"born_in_chaos_v1:diamond_termite_shard":1,"minecraft:stone_bricks":23,"minecraft:barrel":1,"minecraft:bamboo":1,"minecraft:spruce_slab":4,"minecraft:stone_pickaxe":6,"minecraft:beef":2,"minecraft:wooden_pickaxe":8},"minecraft:custom":{"minecraft:interact_with_crafting_table":15,"minecraft:open_barrel":27,"minecraft:damage_dealt_resisted":210,"minecraft:leave_game":5,"minecraft:time_since_death":2241,"minecraft:climb_one_cm":3910,"minecraft:sprint_one_cm":218172,"minecraft:walk_one_cm":173794,"minecraft:drop":116,"minecraft:play_time":93348,"minecraft:deaths":29,"minecraft:sneak_time":3856,"minecraft:walk_under_water_one_cm":11276,"tombstone:tomb_raiding":3,"minecraft:jump":1693,"minecraft:interact_with_blast_furnace":1,"minecraft:walk_on_water_one_cm":29107,"minecraft:total_world_time":93348,"minecraft:interact_with_furnace":7,"tombstone:raider_killed":3,"minecraft:time_since_rest":1987,"minecraft:damage_absorbed":40,"minecraft:damage_taken":2147483647,"minecraft:trigger_trapped_chest":2,"minecraft:damage_dealt":11452,"minecraft:player_kills":4,"minecraft:swim_one_cm":55263,"minecraft:fly_one_cm":264893,"minecraft:open_chest":23,"minecraft:crouch_one_cm":11246,"tombstone:undead_killed":15,"minecraft:fall_one_cm":44544,"minecraft:interact_with_anvil":1,"minecraft:mob_kills":38},"minecraft:killed":{"luminousworld:miner_zombie":2,"minecraft:evoker":1,"iceandfire:gorgon":1,"minecraft:vindicator":1,"undead_revamp2:thesmoker":1,"illagerinvasion:basher":1,"born_in_chaos_v1:maggot":2,"friendsandfoes:glare":1,"minecraft:llama":2,"undead_revamp2:sucker":1,"artifacts:mimic":1,"minecraft:pig":1,"born_in_chaos_v1:diamond_termite":1,"undead_revamp2:the_moonflower":2,"enemyexpansion:troll":1,"mowziesmobs:umvuthana_follower_raptor":4,"minecraft:zombie":3,"naturalist:catfish":3,"iceandfire:ghost":5,"earthmobsmod:horned_sheep":1,"minecraft:blaze":1,"minecraft:cow":1},"minecraft:broken":{"stalwart_dungeons:iron_hammer":1},"minecraft:killed_by":{"minecraft:husk":3,"minecraft:player":2,"undead_revamp2:the_moonflower":6,"minecraft:wither_skeleton":1,"minecraft:magma_cube":1,"iceandfire:stymphalian_bird":1,"minecraft:vindicator":1,"minecraft:skeleton":3,"minecraft:blaze":5,"enemyexpansion:ladybug":1,"illagerinvasion:marauder":1,"iceandfire:ghost":2,"earthmobsmod:horned_sheep":1},"minecraft:picked_up":{"minecraft:wooden_axe":4,"minecraft:coarse_dirt":2,"iceandfire:dragon_skull_lightning":1,"minecraft:crafting_table":5,"luminousworld:groundpebbles_1":2,"born_in_chaos_v1:diamond_termite_shard":1,"luminousworld:decorative_brown_2":3,"minecraft:wheat":8,"minecraft:chicken":2,"minecraft:anvil":1,"minecraft:brown_mushroom":1,"vanillaplustools:wooden_hammer":1,"minecraft:wooden_pickaxe":6,"minecraft:potion":3,"minecraft:wither_rose":1,"minecraft:enchanted_book":1,"minecraft:string":5,"minecraft:spruce_planks":1,"minecraft:beef":2,"minecraft:iron_pickaxe":1,"minecraft:spruce_slab":4,"minecraft:sugar_cane":12,"minecraft:birch_sapling":1,"minecraft:furnace":2,"minecraft:egg":1,"minecraft:stick":10,"minecraft:raw_iron":5,"minecraft:stripped_mangrove_wood":1,"iceandfire:dragonbone":24,"minecraft:torch":1,"minecraft:bowl":1,"minecraft:spruce_stairs":1,"minecraft:porkchop":3,"minecraft:polished_blackstone_bricks":6,"tombstone:bone_needle":1,"tombstone:grave_dust":2,"born_in_chaos_v1:pieceofdarkmetal":3,"minecraft:carrot":2,"luminousworld:decorative_brown_mushroom_1":1,"minecraft:rotten_flesh":23,"minecraft:pumpkin_pie":11,"enemyexpansion:troll_molar":1,"minecraft:glistering_melon_slice":5,"minecraft:gold_ingot":17,"minecraft:totem_of_undying":1,"minecraft:polished_blackstone":1,"minecraft:glow_berries":3,"minecraft:obsidian":5,"minecraft:mutton":4,"undead_revamp2:arapholia":1,"minecraft:skeleton_skull":3,"minecraft:white_wool":4,"minecraft:cobblestone":201,"minecraft:birch_log":7,"minecraft:feather":13,"minecraft:andesite":4,"minecraft:leather":5,"minecraft:potato":3,"minecraft:birch_planks":9,"minecraft:mushroom_stew":2,"minecraft:oak_log":13,"minecraft:dirt":13,"tombstone:gift":2,"minecraft:cooked_mutton":1,"minecraft:bone":11,"minecraft:apple":2,"minecraft:stone_bricks":23,"stalwart_dungeons:iron_hammer":1,"minecraft:iron_ingot":6,"minecraft:stone_pickaxe":3,"tombstone:bag_of_seeds":1,"luminousworld:white_petunias":1,"minecraft:oak_planks":10,"minecraft:book":9,"minecraft:dark_oak_slab":1,"luminousworld:clovers_1":2,"minecraft:amethyst_shard":3,"minecraft:spruce_sapling":1,"iceandfire:stymphalian_bird_feather":8,"minecraft:spruce_log":7,"minecraft:barrel":1,"alexsmobs:animal_dictionary":1,"minecraft:polished_andesite":5,"artifacts:helium_flamingo":2,"minecraft:stone_axe":1,"minecraft:iron_helmet":1,"minecraft:golden_apple":1,"minecraft:bread":2,"minecraft:emerald":2,"iceandfire:gorgon_head":2,"minecraft:dark_oak_fence":1,"minecraft:coal":8,"iceandfire:raw_silver":6},"minecraft:mined":{"luminousworld:groundpebbles_1":2,"minecraft:spruce_planks":4,"iceandfire:graveyard_soil":1,"iceandfire:silver_ore":2,"luminousworld:grassvariant_4":1,"minecraft:cobblestone_stairs":1,"born_in_chaos_v1:infected_diamond_ore":1,"minecraft:dark_oak_fence":1,"minecraft:grass_block":8,"minecraft:jungle_planks":2,"luminousworld:decorative_brown_mushroom_1":1,"minecraft:spruce_leaves":3,"minecraft:spawner":7,"minecraft:polished_blackstone_bricks":6,"minecraft:furnace":2,"minecraft:iron_ore":5,"minecraft:fire":5,"minecraft:andesite":4,"minecraft:anvil":1,"minecraft:iron_bars":1,"minecraft:stripped_mangrove_wood":1,"minecraft:stone":119,"luminousworld:decorative_brown_2":1,"minecraft:spruce_slab":4,"minecraft:tripwire":1,"minecraft:podzol":1,"minecraft:brown_mushroom":1,"minecraft:glass_pane":7,"minecraft:crafting_table":3,"minecraft:jungle_stairs":1,"minecraft:tall_grass":1,"minecraft:oak_planks":4,"minecraft:sugar_cane":7,"supplementaries:urn":1,"minecraft:spruce_stairs":1,"minecraft:coarse_dirt":1,"luminousworld:clovers_1":1,"minecraft:mud":1,"minecraft:birch_log":7,"minecraft:spruce_log":7,"minecraft:birch_leaves":6,"minecraft:wither_rose":1,"minecraft:grass":4,"minecraft:coal_ore":2,"minecraft:oak_log":13,"minecraft:dirt":18,"luminousworld:grassvariant_3":1,"minecraft:polished_blackstone":1,"minecraft:polished_andesite":5,"minecraft:stone_bricks":30,"minecraft:oak_leaves":6,"minecraft:fern":2}},"DataVersion":3465}