{"stats":{"minecraft:killed_by":{"mokels_adventure:salamander":6,"minecraft:skeleton":2,"minecraft:creeper":1,"mokels_adventure:knight":1,"minecraft:zombie":1},"minecraft:killed":{"mokels_adventure:knight":1,"minecraft:sheep":1,"minecraft:zombie":5,"mokels_adventure:salamander":1,"minecraft:witch":1,"minecraft:chicken":1},"minecraft:picked_up":{"minecraft:wooden_axe":1,"minecraft:stick":4,"minecraft:crafting_table":6,"hogcraft:galleon":1,"minecraft:chicken":1,"magistuarmory:rustedchainmail_chestplate":2,"herbology:salt":12,"minecraft:wooden_pickaxe":1,"minecraft:potato":1,"minecraft:dried_kelp":2,"minecraft:spruce_log":2,"hogcraft:hogwarts_letter":9,"skilltree:gem":1,"magistuarmory:rustedcrusader_chestplate":1,"minecraft:dark_oak_log":6,"minecraft:dark_oak_planks":46,"rpgsmw:class_choose_orb":5,"minecraft:bone":2,"hogcraft:unicorn_tail_hair":2,"minecraft:rotten_flesh":3,"minecraft:wheat_seeds":6,"rpgsmw:woodenfiber":4,"minecraft:spruce_planks":2,"weaponmaster:tutorialbook":8,"minecraft:poppy":2,"minecraft:glass_bottle":4,"minecraft:mutton":2,"minecraft:coal":6,"minecraft:white_wool":1,"minecraft:cobblestone":19},"minecraft:dropped":{"hogcraft:hogwarts_letter":1},"minecraft:custom":{"minecraft:time_since_rest":138,"minecraft:sprint_one_cm":69525,"minecraft:damage_taken":3319,"minecraft:walk_one_cm":88497,"minecraft:mob_kills":10,"minecraft:drop":1,"minecraft:damage_dealt":3196,"minecraft:interact_with_crafting_table":8,"minecraft:fly_one_cm":32898,"minecraft:player_kills":1,"minecraft:crouch_one_cm":4631,"minecraft:play_time":23949,"minecraft:deaths":11,"minecraft:sneak_time":1660,"minecraft:jump":317,"minecraft:leave_game":1,"minecraft:time_since_death":112,"minecraft:total_world_time":23949,"minecraft:fall_one_cm":23098},"minecraft:mined":{"herbology:salt_block":5,"minecraft:dark_oak_leaves":13,"minecraft:spruce_log":2,"minecraft:dark_oak_log":4,"minecraft:crafting_table":3,"minecraft:grass":8,"minecraft:coal_ore":6,"minecraft:poppy":1,"minecraft:tall_grass":1,"minecraft:stone":14,"minecraft:fern":4},"minecraft:used":{"minecraft:wooden_axe":17,"minecraft:chicken":1,"minecraft:wooden_pickaxe":29,"minecraft:rotten_flesh":2,"minecraft:crafting_table":3,"rpgsmw:stone_battle_axe":8},"minecraft:crafted":{"rpgsmw:stone_battle_axe":1,"minecraft:crafting_table":2,"minecraft:stick":16,"minecraft:spruce_planks":8,"minecraft:wooden_pickaxe":1,"minecraft:wooden_axe":1,"minecraft:dark_oak_planks":24,"rpgsmw:woodenfiber":1,"minecraft:stone_axe":2}},"DataVersion":3465}